class,n_mut.SNP_in,n_mut.SNP_out,ichor,maf_targeted_seq,SBS1,SBS2,SBS3,SBS4,SBS5,SBS6,SBS7a,SBS7b,SBS7c,SBS7d,SBS8,SBS9,SBS10a,SBS10b,SBS11,SBS12,SBS13,SBS14,SBS15,SBS16,SBS17a,SBS17b,SBS18,SBS19,SBS20,SBS21,SBS22,SBS23,SBS24,SBS25,SBS26,SBS27,SBS28,SBS29,SBS30,SBS31,SBS32,SBS33,SBS34,SBS35,SBS36,SBS37,SBS38,SBS39,SBS40,SBS41,SBS42,SBS43,SBS44,SBS45,SBS46,SBS47,SBS48,SBS49,SBS50,SBS51,SBS52,SBS53,SBS54,SBS55,SBS56,SBS57,SBS58,SBS59,SBS60,SBS84,SBS85
Cancer,26853,4291,0.04055,NA,100,34,0,0,42,0,0,0,0,0,0,0,1,18,0,121,12,0,0,0,0,0,0,53,0,0,0,0,0,0,0,11,0,0,71,0,4,0,38,0,0,0,0,206,0,0,0,53,0,0,14,0,0,0,0,0,0,28,12,0,0,0,0,0,0,17,0
Cancer,25164,3962,0.02652,NA,240,5,0,0,0,0,123,0,6,0,0,0,0,22,0,0,4,0,0,127,71,0,0,59,0,14,91,0,9,0,362,0,3,0,141,0,176,0,0,0,0,91,0,298,0,0,24,56,193,0,4,0,7,0,0,0,0,44,237,0,0,1,0,4,0,29,0
Cancer,26424,4069,0.03,0.0093,169,32,0,0,0,0,37,32,6,1,0,0,0,0,0,64,0,16,0,59,0,0,0,70,39,0,35,0,0,0,0,0,0,0,0,0,152,89,0,0,0,23,0,129,0,0,0,35,0,0,60,0,5,0,0,55,0,35,67,0,0,0,0,13,0,0,0
Cancer,18932,2742,0.03575,0.0014,15,2,0,0,0,0,18,0,0,0,0,0,0,49,0,0,0,0,0,15,0,0,0,2,0,2,1,0,0,0,0,0,0,0,0,2,0,0,0,0,0,0,0,27,0,0,0,2,0,0,0,0,2,0,0,0,3,1,0,6,0,0,0,0,0,0,0
Cancer,24303,3673,0.03115,NA,29,10,0,0,0,0,0,0,0,0,0,0,0,0,0,0,0,13,0,11,0,3,0,84,7,64,35,0,0,0,0,0,0,0,40,57,0,0,0,0,0,14,0,65,0,0,0,0,0,0,0,30,0,0,0,5,0,0,0,5,0,0,76,0,0,0,0
Cancer,24980,4079,0.02891,NA,29,60,0,0,0,36,0,0,4,86,0,0,6,0,0,1,2,27,0,0,0,13,0,0,0,0,12,0,6,222,0,0,0,0,0,0,109,0,0,0,34,0,0,60,0,0,0,0,0,0,0,0,7,10,0,0,0,0,0,0,0,48,0,0,4,0,0
Cancer,21177,3520,0.03684,0.0029,0,7,0,0,0,0,0,0,0,0,0,0,0,0,0,0,0,0,0,0,0,0,0,0,0,0,31,0,0,22,0,0,0,0,0,0,0,0,0,0,0,0,0,0,0,0,0,0,0,0,0,0,4,0,0,0,0,0,0,0,0,0,0,10,9,0,0
Cancer,25269,3587,0.1477,0.0489,38,40,0,0,315,0,0,0,0,47,66,0,10,0,0,69,0,0,0,63,29,0,0,38,0,0,22,0,0,6,0,23,0,0,91,0,10,0,0,0,0,0,0,93,0,24,0,0,78,0,0,0,13,0,0,0,0,0,95,0,0,0,20,0,0,0,25
Cancer,20874,3642,0.03197,0.0673,0,0,0,0,0,0,0,0,0,0,0,14,0,0,0,0,0,0,0,0,0,0,0,0,0,0,0,0,0,0,0,1,0,0,0,0,0,0,17,1,0,0,0,29,0,0,0,0,0,0,0,0,4,0,0,0,0,2,0,0,0,0,0,0,0,0,0
Cancer,24123,3812,0.03602,0.006,0,20,0,0,0,0,0,0,3,0,0,0,1,0,0,0,0,0,0,5,0,0,0,100,0,38,8,0,0,0,0,3,9,0,32,0,0,0,11,0,0,3,0,49,3,0,0,0,0,0,0,0,0,0,0,68,0,5,0,16,0,0,0,2,0,0,0
Cancer,25856,3945,0.05857,0.0124,7,7,0,0,0,0,0,0,3,0,0,0,13,0,0,0,16,0,0,20,0,0,0,54,0,0,72,0,0,38,0,0,0,0,149,0,0,0,0,0,0,75,0,105,0,46,0,0,140,0,0,0,4,0,0,8,0,3,0,0,0,0,0,0,14,0,0
Cancer,22073,3314,0.04844,NA,0,45,0,0,120,53,0,0,0,10,0,0,0,10,0,61,9,0,0,0,7,0,41,0,0,14,0,0,0,107,21,0,0,15,96,0,7,0,0,0,0,0,0,76,0,0,0,0,7,0,0,0,2,0,0,0,0,0,63,0,0,7,0,0,0,12,0
Cancer,27706,3748,0.02214,0.0037,44,0,0,0,51,0,61,0,10,0,24,0,0,0,0,20,0,0,0,21,82,0,0,0,33,0,64,0,0,0,0,0,0,0,231,61,34,84,20,0,0,223,0,33,110,1,2,44,95,0,29,0,4,9,0,28,0,20,137,4,0,0,0,0,0,0,0
Cancer,26305,3811,0.03792,NA,135,16,0,0,0,211,60,0,0,10,123,0,0,0,0,75,26,0,0,0,14,3,0,0,0,0,96,0,7,0,0,0,0,0,68,167,0,123,0,0,50,252,0,213,0,0,0,0,0,0,0,0,5,6,0,0,7,1,61,0,0,0,0,5,0,0,0
Cancer,28785,4108,0.02248,0.032,157,59,0,10,0,0,47,0,0,0,80,0,4,0,0,0,31,0,0,81,0,0,0,67,41,0,55,0,86,0,0,0,0,0,163,0,203,56,3,0,0,286,0,145,0,0,0,0,0,0,239,0,7,15,0,0,0,5,189,0,0,0,0,0,0,0,0
Cancer,25608,3805,0.03794,0.107,95,51,0,0,198,0,0,0,17,0,13,0,0,2,0,23,0,0,0,0,3,0,0,17,47,0,57,7,0,102,0,0,10,0,28,0,35,0,2,0,0,16,0,39,0,0,0,63,0,0,0,0,0,0,0,0,21,15,0,0,0,57,0,0,0,0,0
Cancer,29392,3844,0.08163,0.0203,247,91,0,0,0,0,0,0,0,42,0,2,0,0,0,283,0,36,0,109,0,0,0,130,30,12,73,0,0,0,0,19,15,0,157,0,101,10,0,0,0,284,0,297,0,0,0,23,0,0,146,0,14,38,0,0,0,1,278,0,0,0,0,13,0,151,3
Cancer,28999,3864,0.03616,NA,130,46,0,0,470,0,0,0,0,91,0,0,0,0,0,59,0,13,0,60,9,0,0,0,0,0,45,0,0,0,0,0,0,0,178,0,161,0,0,0,0,162,0,310,0,0,0,0,260,0,92,25,2,0,61,36,6,15,203,0,0,0,0,9,0,0,0
Cancer,23286,3512,0.1174,NA,131,41,0,0,0,23,18,0,46,0,3,0,0,3,0,0,56,0,0,177,17,7,0,195,0,122,31,0,0,51,0,0,0,0,137,0,35,0,0,0,0,77,0,75,7,0,0,0,0,0,156,0,0,0,59,0,6,5,71,14,0,0,0,39,0,81,15
Cancer,20535,3036,0.0668,NA,0,47,0,0,0,0,0,0,0,0,0,0,0,0,0,0,9,0,0,0,1,5,0,0,8,9,0,0,0,0,0,11,0,54,23,0,16,0,0,16,0,8,0,79,0,0,0,4,3,0,0,0,0,3,0,0,0,0,0,0,0,0,0,0,0,0,0
Cancer,21435,2991,0.1372,NA,3,31,0,0,0,12,6,0,0,0,0,0,0,0,0,180,0,0,0,0,0,0,0,0,0,0,28,0,0,0,0,0,0,0,90,0,7,0,0,0,0,0,0,89,0,0,0,2,101,0,0,7,0,0,11,12,0,0,10,0,0,0,53,1,0,0,0
Cancer,30026,4296,0.2132,NA,470,42,0,0,1613,0,150,0,0,54,0,0,0,20,0,328,11,25,0,6,0,0,0,153,0,0,104,0,0,0,83,0,0,0,108,0,225,0,0,0,0,183,0,331,0,0,0,53,78,0,132,0,0,0,0,0,13,0,455,0,0,0,0,4,0,35,0
Cancer,24480,3558,0.03723,NA,131,69,0,0,0,22,0,0,0,0,0,0,0,0,0,108,37,0,0,0,33,14,0,194,0,12,29,0,0,0,60,0,0,0,133,0,0,0,8,0,0,295,0,185,0,0,0,0,146,0,0,0,7,0,32,0,0,15,191,0,0,38,0,10,0,78,0
Cancer,24936,3458,0.1574,NA,103,77,5,0,0,0,0,0,0,5,0,0,0,16,0,130,55,0,8,86,0,13,0,0,0,0,0,0,0,0,0,0,0,0,37,91,137,0,0,0,0,62,0,108,36,0,0,0,86,0,0,0,7,0,0,0,5,0,112,0,0,0,0,40,0,0,0
Cancer,26123,5104,0.01532,NA,0,35,0,63,0,0,0,0,0,0,0,0,0,8,0,114,0,21,0,40,0,0,0,117,6,0,440,0,0,0,0,0,0,0,359,0,0,81,0,0,0,0,0,113,62,0,0,0,0,0,24,0,27,12,0,0,0,0,134,12,0,1,0,0,24,0,0
Cancer,23276,3546,0.02744,NA,14,49,0,0,0,0,0,0,0,0,0,0,0,17,30,0,7,0,0,0,0,13,0,0,0,0,52,0,0,12,0,0,0,0,9,12,0,0,0,8,0,21,0,58,0,0,0,0,0,0,0,0,3,0,0,0,0,4,0,0,0,0,0,17,0,0,0
Cancer,21553,3149,0.0539,0.0162,0,51,0,0,0,0,0,0,0,0,0,0,0,13,0,53,0,11,0,0,0,0,0,0,16,10,58,0,0,0,0,0,0,0,0,0,26,0,0,0,0,0,0,28,0,0,0,7,0,0,0,0,9,0,3,0,5,0,8,0,0,0,0,0,0,0,0
Cancer,23102,4893,0.03379,0.0042,0,6,2,0,0,0,0,0,0,0,200,0,0,0,0,0,0,0,0,0,0,0,0,0,72,15,207,0,0,179,0,0,0,0,29,0,0,0,0,0,0,0,0,0,0,0,45,0,0,0,0,0,8,0,0,0,0,0,0,0,0,0,0,13,0,0,0
Cancer,22156,4616,0.05608,0.0299,0,0,0,0,0,0,0,0,29,0,217,0,0,0,0,0,4,0,0,0,0,0,0,0,47,0,170,0,0,0,0,0,2,0,0,0,0,0,0,0,0,0,0,0,0,0,206,0,0,0,0,0,0,4,0,0,0,0,0,0,0,0,0,0,5,0,0
Cancer,21040,2893,0.0452,0.0232,0,0,0,0,0,0,0,0,0,0,0,0,0,0,0,0,16,0,0,0,0,0,0,0,0,12,0,0,0,0,0,0,0,0,37,0,0,8,0,0,0,0,0,0,0,0,0,0,49,0,0,0,0,8,0,0,0,0,0,0,0,0,28,0,0,0,0
Cancer,20309,2746,0.02798,NA,0,17,0,0,0,0,0,0,2,0,0,11,0,0,0,0,18,19,0,0,0,0,0,0,13,0,4,0,0,0,0,12,0,0,0,0,0,0,0,0,0,1,0,0,0,0,0,14,0,0,0,0,2,0,0,0,0,0,0,0,0,12,0,0,0,0,2
Cancer,25873,3408,0.01815,NA,220,82,0,0,545,0,28,0,0,0,0,0,0,0,0,90,36,19,0,0,58,7,0,0,17,33,5,0,0,0,146,12,0,0,144,0,88,124,0,0,0,131,0,140,0,0,0,0,97,0,0,0,7,0,0,0,0,3,108,0,0,0,0,0,0,0,0
Cancer,21696,2943,0.0343,NA,0,23,0,0,0,0,19,0,0,0,0,0,0,0,0,0,5,0,0,88,0,0,0,0,0,0,0,0,0,0,0,0,12,0,25,0,0,0,1,0,0,14,0,0,0,0,0,0,8,0,0,0,6,1,3,0,0,0,0,5,0,0,2,2,0,36,0
Cancer,20486,2860,0.02039,NA,0,54,0,4,0,0,15,0,0,0,0,0,0,0,0,0,0,0,18,0,0,0,0,0,0,11,21,0,7,0,6,0,0,0,24,0,0,5,6,0,0,0,0,3,0,0,0,0,0,0,0,0,0,0,0,0,0,3,44,0,0,0,0,0,0,0,0
Cancer,21637,3153,0.02919,0.0045,6,31,0,0,0,0,0,0,0,34,0,0,0,0,0,0,17,0,37,10,0,0,0,23,0,9,55,0,0,0,0,0,0,0,24,0,0,0,0,0,0,26,0,117,0,0,0,3,5,0,79,0,8,0,0,0,0,0,46,0,0,0,0,0,17,0,0
Cancer,23121,3240,0.0569,0.0421,0,55,0,0,0,0,5,0,0,18,0,0,0,0,0,0,0,0,83,0,0,5,0,0,0,2,2,0,0,0,0,0,0,0,0,0,22,0,0,0,0,0,0,26,0,11,0,15,0,0,0,0,0,0,0,0,0,0,89,22,0,0,0,0,0,0,0
Cancer,18501,2900,0.032,NA,0,0,0,0,0,0,0,1,0,0,0,0,0,0,0,0,0,0,0,0,0,0,0,0,0,0,0,2,0,55,0,16,0,0,0,1,0,0,9,0,0,0,0,0,0,0,0,0,0,0,0,0,1,0,0,0,0,0,0,7,0,0,0,0,3,0,0
Cancer,19664,2714,0.02,NA,0,0,0,0,0,3,0,0,0,0,0,0,0,0,0,0,0,0,0,0,0,0,0,0,0,0,0,5,17,0,0,3,19,0,0,0,0,0,0,2,0,0,0,89,0,0,0,0,47,0,0,0,0,5,0,0,0,0,0,0,0,0,0,0,0,50,0
Cancer,18274,2616,0.04016,NA,0,0,0,0,0,0,0,0,0,0,0,0,0,2,0,0,0,0,1,0,0,12,0,0,0,0,0,0,0,0,0,0,0,0,0,0,0,0,6,0,0,0,0,13,0,0,23,3,0,0,0,0,8,2,0,0,0,0,0,0,0,0,0,0,0,0,0
Cancer,21026,3129,0.04013,0.0104,0,0,0,0,0,0,17,0,5,0,0,21,0,0,0,0,0,0,0,7,6,0,0,0,0,0,0,0,45,0,0,4,0,0,11,0,0,0,12,0,0,0,0,29,0,0,0,0,0,0,0,0,0,7,0,0,0,0,65,14,0,0,0,2,10,11,0
Cancer,22046,3405,0.04218,NA,47,0,0,0,0,0,71,0,43,18,0,0,0,22,0,0,0,0,0,0,0,0,0,47,0,0,36,14,9,69,0,26,0,0,6,0,1,76,3,0,0,8,0,196,0,0,0,0,0,0,11,0,9,0,0,0,0,3,125,0,0,0,0,0,0,0,0
Cancer,23850,4222,0.04611,NA,136,10,0,0,39,0,7,0,0,0,0,0,0,0,0,335,0,0,0,32,6,5,0,47,0,0,4,0,0,0,130,0,0,0,287,0,28,87,0,0,0,19,0,104,77,0,4,45,53,0,59,0,3,5,0,0,0,0,15,0,0,0,0,0,0,140,0
Cancer,22309,3713,0.036,NA,0,12,0,0,0,0,0,0,0,0,0,0,0,0,0,0,3,0,0,0,0,0,0,47,0,0,7,0,4,0,0,0,0,0,72,0,0,0,0,0,0,0,0,28,0,0,0,20,32,0,36,0,11,1,0,0,7,0,0,0,0,0,15,0,0,0,0
Cancer,15694,2409,0.04205,NA,0,0,0,0,0,0,0,0,0,0,0,0,0,0,0,0,0,0,0,0,0,0,0,0,0,0,0,0,0,0,0,0,0,0,0,0,0,0,0,0,0,0,0,4,0,0,0,1,0,0,0,0,0,0,0,0,0,0,0,0,0,0,0,0,0,0,0
Cancer,18720,2983,0.04031,NA,0,10,0,0,0,0,0,0,0,0,0,8,0,0,0,0,0,0,0,0,0,0,0,6,0,0,1,0,0,0,0,0,0,0,12,0,0,0,10,0,0,0,0,12,0,0,0,0,0,0,0,4,0,0,0,0,0,0,0,8,0,0,0,0,0,0,0
Cancer,18084,3041,0.03494,0.002,0,18,0,0,0,0,0,0,0,0,0,0,0,0,0,0,0,0,0,0,0,0,0,0,0,0,0,0,0,0,0,0,0,0,0,0,0,0,0,0,0,0,0,12,0,0,0,0,0,0,0,0,0,0,0,0,0,0,0,0,0,0,12,0,0,0,0
Cancer,19984,3349,0.04558,0.0043,0,23,0,0,0,0,0,0,0,0,4,0,0,0,0,0,26,0,0,0,0,0,0,0,0,0,0,0,0,0,0,0,1,0,40,0,0,0,0,0,0,0,0,1,0,0,0,0,16,0,9,0,0,0,0,0,0,0,0,0,0,0,0,0,0,0,0
Healthy,24552,4219,0.02115,NA,30,25,0,0,0,0,0,0,8,0,0,0,0,0,0,0,0,0,61,0,15,17,0,0,0,0,12,0,0,0,0,0,0,0,0,0,0,78,7,0,0,12,0,97,0,0,84,0,0,0,0,0,0,8,0,0,0,0,0,0,0,0,0,4,0,0,0
Healthy,24685,3912,0,NA,0,28,0,0,0,75,14,0,0,0,0,7,0,18,0,109,0,0,0,0,26,3,0,0,0,40,69,0,33,0,0,0,6,32,81,0,0,0,0,0,0,28,0,70,0,0,0,32,3,0,0,15,11,0,0,3,0,0,7,0,0,0,0,0,0,51,0
Healthy,25443,4159,0,NA,72,21,0,0,0,0,0,0,0,0,0,11,0,24,0,45,0,0,0,75,0,0,0,36,0,25,12,0,0,0,82,31,4,0,36,27,16,0,25,0,0,40,0,71,0,0,0,0,0,0,0,0,0,0,0,0,5,0,18,0,0,0,0,6,0,26,0
Healthy,25171,4118,0,NA,0,51,0,0,0,32,2,0,0,0,0,23,0,82,0,7,2,24,5,0,0,0,0,16,0,3,21,0,0,0,0,8,0,0,0,0,30,40,0,0,0,0,0,160,0,0,0,34,160,0,29,0,0,0,11,41,0,8,103,0,0,34,0,0,0,28,0
Healthy,24430,4237,0.04815,NA,12,0,0,6,0,5,0,0,0,7,47,0,4,15,0,43,3,0,0,0,0,11,0,0,4,13,0,0,27,0,0,0,0,0,0,0,11,0,20,0,0,0,0,12,0,0,0,61,0,0,76,0,5,4,23,22,0,0,0,0,0,0,0,0,0,0,0
Healthy,25129,4533,0,NA,18,0,0,0,0,0,0,0,1,0,14,0,12,0,0,0,6,0,0,4,23,0,0,0,0,0,0,0,0,0,0,0,0,0,0,25,0,67,0,100,0,114,7,0,0,0,0,0,0,0,0,15,10,0,0,0,0,0,0,0,0,0,0,0,0,0,35
Healthy,27478,4402,0,NA,76,62,0,0,0,0,0,0,0,0,52,2,6,0,0,0,0,0,0,13,11,0,0,0,0,43,0,0,0,161,0,0,3,0,0,8,0,13,8,18,0,117,0,152,0,0,121,39,0,0,180,0,0,0,0,0,0,0,247,0,0,47,0,0,0,69,0
Healthy,26898,4697,0,NA,100,38,0,0,430,0,0,0,0,22,109,0,0,0,0,0,5,0,0,0,30,0,0,29,0,0,26,0,0,0,0,0,0,0,0,113,54,0,0,101,0,95,0,0,0,0,0,0,0,0,229,0,6,0,0,0,0,0,47,19,0,13,0,0,2,0,0
Healthy,26138,4223,0,NA,103,35,0,0,90,250,28,74,0,7,62,30,6,73,0,286,0,0,0,12,0,12,0,44,0,0,0,0,0,24,0,0,0,0,0,0,323,65,0,19,0,153,0,444,0,0,0,72,0,0,254,0,7,0,23,0,8,0,389,0,0,12,0,10,2,0,116
Healthy,22429,3635,0,NA,124,48,0,67,156,20,0,0,0,0,0,0,2,0,0,73,0,0,0,0,0,4,0,11,0,0,0,0,0,0,0,10,0,0,69,5,0,0,0,0,0,126,0,80,0,0,0,43,0,0,45,0,0,0,34,0,0,5,170,0,0,35,0,0,0,92,0
Healthy,24702,4060,0,NA,244,0,283,4,0,0,0,0,0,19,119,0,0,0,0,202,5,0,0,0,52,24,0,0,4,0,0,0,0,0,0,0,0,0,315,0,110,72,0,0,0,98,0,177,0,0,0,0,0,0,1,0,7,2,0,39,16,0,274,0,0,0,0,0,0,46,0
Healthy,26864,4301,0,NA,182,18,0,0,72,68,0,0,20,0,0,0,9,38,0,150,0,0,31,116,23,0,0,73,0,0,73,0,37,0,0,0,0,0,191,0,101,69,0,0,0,0,0,463,0,0,0,50,0,0,541,0,6,0,86,0,0,8,272,0,0,90,0,0,0,0,0
Healthy,23968,3961,0.01839,NA,81,0,0,0,0,49,97,0,7,15,52,0,0,1,0,81,12,0,0,0,67,11,25,0,0,0,0,0,75,0,0,0,0,0,0,66,0,0,0,0,0,211,0,85,0,0,63,46,0,0,71,0,0,0,0,42,0,0,203,0,0,55,0,5,0,100,0
Healthy,24034,4243,0,NA,6,3,0,0,0,17,0,0,0,0,0,0,0,0,5,0,0,0,0,0,2,0,0,0,0,16,16,0,0,0,0,0,0,0,0,0,0,16,0,0,0,0,0,26,0,0,50,27,0,0,6,0,0,0,0,0,10,0,3,0,0,0,0,0,0,0,0
Healthy,22650,3418,0,NA,40,36,0,0,0,0,1,0,0,22,0,27,0,39,0,16,2,0,0,0,66,20,0,0,0,0,0,12,0,0,0,0,0,0,168,0,0,0,0,0,0,0,0,153,0,0,60,31,0,0,0,0,1,0,16,0,0,0,93,0,0,0,0,0,0,0,0
Healthy,22164,3501,0.0206,NA,0,0,0,0,0,0,0,0,3,0,0,0,0,0,0,0,0,0,0,0,1,1,0,0,0,0,12,0,0,0,0,0,0,0,0,0,101,0,0,0,0,0,0,29,0,0,0,0,4,0,0,0,0,0,0,0,0,0,0,0,0,0,0,0,1,0,0
Healthy,21259,3386,0,NA,0,13,0,0,0,117,0,0,0,15,55,20,0,0,0,14,0,0,0,0,0,0,0,52,0,34,8,0,0,0,0,0,0,0,59,0,0,0,0,0,0,0,0,80,0,0,0,0,20,0,0,0,0,4,0,10,0,0,92,0,0,0,0,0,2,9,0
Cancer,26662,4013,0.03633,NA,12,52,0,0,0,0,0,0,0,28,208,0,0,10,0,0,0,0,121,45,0,20,0,0,0,22,2,0,0,0,0,0,0,0,0,0,183,0,0,0,0,32,0,127,0,0,0,8,0,0,195,0,9,19,0,0,3,0,132,0,0,0,0,0,4,92,0
Cancer,23307,3466,0.04781,NA,0,0,0,0,0,35,0,0,0,37,9,0,0,31,0,0,0,22,0,0,0,4,0,0,66,0,0,0,0,0,0,17,22,2,0,0,0,58,0,0,0,21,0,99,0,0,0,0,0,0,32,0,0,0,0,4,3,0,0,0,0,36,0,27,0,0,0
Cancer,22273,3366,0.02457,NA,0,40,0,0,0,0,0,0,1,0,113,0,0,0,0,0,0,0,10,0,12,7,0,18,0,5,10,0,0,0,0,0,0,0,5,0,27,63,0,0,0,0,0,35,0,0,0,11,0,0,15,0,0,3,0,0,0,0,36,0,0,0,0,26,0,0,0
Cancer,21065,3128,0.06547,NA,0,0,25,0,0,0,0,0,0,0,0,0,0,12,0,0,4,0,0,0,15,0,0,18,36,2,0,0,0,0,0,2,6,0,0,13,0,0,1,0,0,0,0,50,0,0,0,6,0,17,0,0,0,0,26,0,0,0,0,0,0,0,0,15,0,0,0
Cancer,19405,3261,0.04789,NA,0,0,0,187,0,0,0,0,0,131,0,0,0,0,0,0,0,0,0,0,0,2,0,0,0,0,0,0,19,0,0,0,0,0,0,0,0,0,0,0,0,0,0,107,0,0,18,0,0,0,0,0,1,0,0,82,0,0,10,0,0,0,0,0,0,0,0
Cancer,21579,3342,0.03081,NA,22,0,0,0,0,0,0,19,0,0,42,0,0,0,0,0,28,0,0,0,0,2,0,0,0,47,0,0,16,0,0,0,0,0,0,7,25,0,0,2,0,0,0,77,0,0,0,0,0,0,0,0,0,0,0,0,17,0,86,0,0,0,0,0,0,0,0
Cancer,21978,3381,0.04511,NA,0,43,0,0,0,0,0,0,0,0,84,0,0,0,0,0,0,0,0,0,15,14,0,0,24,0,0,0,0,0,0,0,0,0,0,0,0,12,0,1,0,0,41,0,0,0,0,0,3,0,0,0,9,2,0,0,0,0,15,0,0,0,0,5,0,0,0
Cancer,22061,3448,0.03573,NA,0,11,0,0,0,0,0,0,2,0,0,0,0,0,0,0,0,0,0,0,4,5,0,0,3,0,0,0,43,0,0,0,0,0,0,0,0,36,0,0,0,0,0,16,0,0,0,6,0,2,5,0,0,2,0,0,3,0,0,0,0,14,0,7,0,0,0
Cancer,23257,3583,0.04522,NA,72,0,0,69,0,0,0,0,0,37,0,0,0,0,0,0,10,0,0,0,59,5,0,110,26,66,0,17,0,0,0,0,0,0,0,43,0,0,0,0,0,41,0,182,0,0,0,0,0,0,47,0,0,2,0,0,0,0,101,0,14,0,0,15,0,0,0
Cancer,20949,3105,0.03899,NA,0,0,0,0,0,0,0,0,2,0,14,0,0,0,0,0,7,0,0,0,0,12,0,0,0,0,0,2,0,0,0,0,0,0,0,1,0,11,5,0,0,0,0,24,0,0,0,0,0,0,0,0,0,0,0,6,6,0,0,0,0,0,0,4,0,0,0
Cancer,21751,3165,0.05002,NA,0,21,0,0,0,0,14,0,0,46,0,0,0,0,0,0,9,3,61,0,0,0,0,0,33,0,0,0,0,0,0,0,16,0,0,0,17,0,0,0,0,0,0,11,0,0,0,4,0,0,94,0,0,0,33,20,3,0,0,0,0,0,0,17,0,0,0
Cancer,22032,3257,0.04189,NA,0,2,0,0,0,0,31,0,0,14,39,0,0,0,0,0,0,0,0,0,0,1,0,0,22,12,0,0,0,0,0,0,5,0,4,0,45,0,0,0,0,0,0,25,0,0,0,0,11,0,0,0,0,0,0,0,0,0,0,5,13,0,0,0,0,0,0
Cancer,28082,4105,0.035,NA,11,21,0,0,669,29,0,0,0,0,0,0,0,0,9,157,22,0,0,0,0,0,0,0,31,0,40,0,0,0,0,0,0,0,8,0,111,0,9,0,0,0,0,0,0,0,0,12,0,0,168,0,0,10,0,0,7,0,158,31,0,0,0,0,0,83,0
Cancer,19792,2737,0.02306,NA,0,15,0,0,0,0,0,0,0,0,0,0,0,0,0,0,0,0,0,0,0,13,0,0,0,0,0,0,0,0,0,0,0,0,0,0,0,0,0,0,0,0,0,14,0,0,0,4,0,0,0,0,8,0,0,0,0,3,0,0,0,0,0,0,0,0,0
Cancer,28364,4168,0.04671,NA,81,32,0,0,711,206,16,0,0,0,90,0,0,47,0,0,30,0,0,0,0,0,0,38,12,59,35,0,0,99,0,0,0,0,142,0,88,104,0,0,0,0,0,259,0,0,0,0,0,0,180,0,0,0,3,0,0,7,351,0,0,0,126,44,21,0,0
Cancer,17152,2871,0.04957,NA,0,0,0,0,0,0,0,0,0,0,0,0,3,0,0,0,0,0,0,0,0,2,0,0,0,0,0,0,0,0,0,0,0,0,0,0,0,0,0,0,0,0,0,0,0,0,0,0,0,0,0,0,5,0,0,0,10,0,0,0,0,0,0,30,0,0,0
Cancer,26702,4472,0.04341,NA,102,72,0,0,0,0,0,0,0,17,22,0,0,0,0,170,50,58,0,180,0,0,0,0,0,0,30,0,0,0,0,0,0,25,156,0,17,10,0,0,53,28,0,27,0,0,0,0,133,0,6,0,0,16,32,0,21,46,87,0,0,23,27,50,0,59,0
Cancer,23672,4045,0.0398,NA,11,30,29,21,0,0,4,0,0,12,0,0,0,19,0,0,39,38,0,9,0,0,0,0,0,80,0,0,0,0,0,0,0,30,33,25,0,28,0,10,0,0,7,0,0,0,0,0,40,1,0,0,0,29,67,57,52,0,45,0,14,115,9,57,0,0,0
Cancer,25955,4271,0.04337,NA,85,8,0,0,0,0,0,0,0,123,29,0,0,0,0,0,43,72,0,0,40,13,0,71,4,0,0,0,0,1,0,0,7,123,197,0,4,0,0,0,0,125,0,158,0,0,0,0,183,0,30,0,0,18,0,22,15,11,170,0,16,0,0,0,0,0,0
Cancer,23303,3607,0.03511,NA,0,15,0,0,0,0,21,0,0,22,0,0,11,0,0,0,0,34,0,0,0,0,0,0,0,0,0,11,0,0,0,0,13,0,0,41,28,0,4,24,18,0,0,62,0,0,65,4,0,10,0,0,11,31,0,0,0,0,80,0,20,0,0,0,0,3,0
Cancer,23098,3322,0.05087,NA,72,49,0,0,0,0,0,0,0,0,0,0,0,0,0,0,0,0,0,9,16,3,0,21,18,0,39,53,0,55,0,0,43,0,0,70,29,82,0,8,0,0,0,73,0,0,0,15,0,0,72,0,13,6,0,28,0,0,16,0,0,0,0,9,0,0,0
Cancer,20295,2723,0.04789,NA,0,0,0,0,0,0,0,0,0,0,0,0,0,0,0,0,0,14,0,0,0,0,0,0,9,0,0,0,0,0,0,2,2,0,0,0,0,0,0,0,0,0,0,27,0,0,0,4,0,0,0,5,1,0,0,0,0,0,0,0,0,0,0,1,0,0,0
Cancer,16467,2144,0.03812,NA,0,0,0,0,0,0,0,0,0,0,0,0,0,0,0,0,72,0,0,0,0,0,0,0,0,0,0,0,0,0,0,0,0,0,0,0,0,0,0,1,0,11,0,0,0,14,0,0,0,0,0,0,0,1,0,0,0,0,0,8,0,0,0,0,0,0,0
Cancer,24052,3394,0.04249,NA,152,0,0,0,0,172,0,66,0,16,0,0,0,3,47,0,0,0,0,0,44,26,0,22,0,105,57,19,119,0,0,0,8,0,50,0,0,0,6,0,0,0,0,240,0,0,0,107,0,0,223,0,10,0,0,0,1,5,351,0,0,127,9,0,0,95,0
Cancer,22441,2891,0.0334,NA,83,0,0,0,0,0,0,7,0,0,0,78,0,0,0,104,0,0,66,0,0,0,0,83,4,0,12,0,0,0,0,0,0,0,7,16,0,0,0,0,0,0,0,280,0,0,0,68,0,0,39,0,1,4,0,0,0,22,73,0,0,0,0,0,0,0,0
Cancer,21678,2731,0.0209,NA,104,1,0,0,0,0,0,0,0,26,0,0,0,0,0,0,0,0,0,0,20,4,0,13,0,0,0,0,0,0,0,0,0,0,0,0,0,0,0,0,0,102,0,137,0,0,35,29,0,0,41,0,0,8,0,0,0,0,91,0,0,0,0,0,0,0,21
Cancer,23769,3170,0.0282,NA,94,0,0,0,7,0,0,0,0,3,0,0,7,25,0,0,19,0,0,12,0,5,0,54,0,0,11,0,0,50,94,0,0,0,0,0,47,31,0,4,0,164,0,132,0,0,0,45,35,0,24,0,0,5,0,0,0,0,104,0,0,44,0,0,0,144,35
Cancer,22446,2950,0.02455,NA,141,0,0,0,0,0,0,0,5,55,0,0,0,0,0,10,2,0,0,36,40,0,0,0,0,0,1,0,0,20,0,0,0,0,0,49,98,18,11,0,0,0,0,206,0,0,0,12,0,0,56,0,2,0,0,0,0,8,148,0,0,0,0,0,0,18,0
Cancer,29111,4133,0.03579,NA,374,0,0,0,1468,0,0,39,4,0,0,0,0,0,0,245,4,0,0,0,4,0,0,47,25,0,49,0,6,0,0,0,0,0,125,10,0,0,5,0,0,160,0,268,0,53,0,51,0,0,316,0,12,3,2,0,0,7,398,0,0,0,0,0,0,63,0
Cancer,22616,3534,0.04524,NA,127,0,141,19,96,0,34,0,0,59,58,0,0,0,0,19,27,0,0,105,77,0,0,0,0,0,12,0,64,0,0,0,0,0,52,74,0,0,0,0,0,105,0,0,0,0,28,8,0,0,0,0,15,24,3,42,0,0,101,6,0,64,0,41,2,61,0
Cancer,22874,3466,0.04764,NA,0,0,0,0,0,0,0,0,0,16,5,0,0,0,0,26,0,53,0,0,0,13,0,13,33,34,0,0,0,0,0,0,0,0,0,52,0,0,0,0,0,0,0,45,0,0,0,0,0,0,0,0,0,0,0,0,33,0,73,15,0,0,0,6,2,0,0
Cancer,21945,3402,0.02246,NA,0,0,0,0,0,0,0,0,0,0,48,0,0,0,0,0,12,13,0,0,0,0,0,0,11,28,6,0,0,0,0,0,0,0,0,0,0,1,0,0,0,0,0,39,0,0,0,0,0,0,0,0,9,6,0,12,5,0,0,0,0,0,0,14,0,0,0
Cancer,23392,3367,0.04746,NA,0,0,0,0,0,0,4,0,0,0,0,0,0,0,0,0,7,0,0,29,60,7,0,0,0,54,43,0,6,0,0,0,9,0,0,5,65,3,0,0,0,0,0,133,0,0,0,0,0,0,0,0,2,3,41,0,11,0,37,0,0,0,0,2,0,0,0
Cancer,27705,3971,0.03512,NA,192,0,0,0,0,0,12,0,0,14,117,0,0,50,0,284,14,0,0,0,0,24,0,22,19,0,3,0,11,0,0,0,0,0,0,0,138,0,0,0,0,0,0,286,0,0,0,58,0,0,23,0,11,19,0,17,9,0,344,0,0,0,0,35,0,132,0
Cancer,23896,4579,0.04836,NA,2,16,0,197,0,46,0,15,0,0,6,88,0,0,87,83,0,29,0,0,0,2,43,0,0,0,48,0,13,0,0,0,3,153,19,0,0,0,0,0,0,0,52,142,0,0,0,0,0,0,0,0,8,0,43,36,49,1,27,0,21,0,0,26,0,0,0
Cancer,21981,4048,0.02464,NA,0,0,0,114,0,0,0,0,0,0,0,0,0,0,0,15,10,0,0,0,0,0,0,0,0,3,0,0,0,0,0,10,0,89,0,0,0,0,0,0,71,0,0,0,0,38,0,0,0,57,0,0,0,26,0,38,5,0,0,0,0,0,0,33,0,0,0
Cancer,25927,5184,0.1026,NA,0,0,0,211,0,31,0,0,0,20,0,0,27,0,17,42,25,54,0,0,6,10,0,0,0,0,0,0,0,0,0,0,0,213,0,0,130,35,0,0,0,0,0,0,0,0,0,0,0,53,0,0,0,9,55,47,49,0,0,0,0,88,11,31,0,0,0
Cancer,22781,3054,0.02967,NA,80,0,0,0,0,0,0,0,0,29,22,0,0,0,0,78,12,0,0,0,0,13,0,28,0,8,0,0,0,0,0,0,5,0,0,17,126,19,18,24,0,35,0,104,0,0,0,28,0,0,32,0,5,0,0,34,0,0,74,0,0,39,0,16,0,19,0
Cancer,24611,3381,0.07847,NA,91,0,0,0,26,0,0,0,9,0,0,0,0,0,0,133,0,1,0,0,0,11,0,17,23,44,28,0,0,0,0,0,0,0,15,0,24,0,0,0,0,0,0,99,0,0,0,0,43,0,0,0,0,0,0,2,0,0,71,26,0,0,0,4,10,0,0
Cancer,23153,3353,0.05021,NA,0,0,0,0,0,0,0,0,0,0,34,0,0,0,0,0,24,8,0,39,13,0,0,0,0,0,0,0,0,0,0,0,0,0,0,0,16,0,0,0,0,0,0,0,0,0,96,0,68,0,0,0,6,0,21,0,0,0,43,23,0,0,0,11,0,0,0
Healthy,23483,3462,0,NA,143,0,0,0,0,0,0,0,37,0,84,0,7,0,0,128,0,0,30,66,0,0,0,97,0,0,55,0,0,0,0,0,0,0,54,0,24,124,6,0,0,130,0,114,0,0,0,0,2,0,0,0,4,0,44,0,0,0,47,16,0,45,0,4,0,143,0
Healthy,22663,3497,0.03645,NA,0,0,0,0,0,0,0,0,0,0,0,0,0,14,0,0,0,0,0,2,0,0,0,60,0,51,37,3,0,0,0,0,0,0,0,0,19,29,7,0,0,148,0,87,0,0,64,0,13,0,0,0,0,0,0,0,8,32,24,6,0,0,0,5,0,0,0
Healthy,23215,3764,0.01882,NA,21,0,0,0,0,0,61,0,0,0,23,0,0,27,0,57,0,0,54,94,0,0,0,0,14,0,0,0,0,0,0,1,0,24,16,0,0,0,0,63,0,76,0,78,0,0,0,36,0,0,88,0,0,0,0,0,23,0,24,0,0,88,0,3,0,0,0
Healthy,22303,3532,0.01621,NA,39,2,0,0,0,0,0,0,0,0,0,0,0,6,33,0,16,0,0,0,25,0,0,4,9,0,38,0,0,0,78,4,0,0,0,0,0,4,7,13,0,25,0,66,0,0,9,19,0,16,0,15,2,0,0,26,0,39,0,0,0,0,4,25,0,29,0
Healthy,22495,3372,0,NA,127,0,0,0,0,0,0,0,14,0,0,0,0,0,0,0,20,0,0,0,0,0,0,0,0,14,42,0,0,36,130,0,0,0,32,0,46,0,0,0,0,80,0,82,0,0,0,0,137,0,0,0,3,0,51,0,5,3,0,0,0,18,53,9,19,1,0
Healthy,22350,3319,0,NA,0,0,0,0,0,0,0,0,9,0,43,0,5,0,0,29,0,0,0,18,1,3,0,0,0,0,6,0,0,0,0,0,0,0,12,73,122,60,3,0,0,0,0,112,0,0,0,47,95,0,126,0,1,16,0,0,0,29,72,0,0,133,0,7,0,0,0
Healthy,24542,3784,0,NA,134,0,0,0,81,0,0,0,0,0,45,0,4,0,0,305,6,0,36,0,0,6,0,154,0,0,58,0,0,0,0,0,14,0,108,0,80,0,0,0,0,0,0,133,301,0,0,95,0,0,0,0,9,0,49,6,0,10,261,0,0,0,0,0,0,11,0
Healthy,23992,3710,0,NA,96,0,168,6,0,0,0,38,0,0,0,0,0,7,0,174,2,0,38,0,0,0,0,0,0,0,42,8,9,0,0,0,0,0,8,145,96,63,0,0,0,0,0,210,0,68,0,8,52,0,50,0,5,0,10,18,0,14,92,0,0,0,0,0,0,10,0
Healthy,24103,3680,0,NA,132,0,0,0,0,0,0,0,0,1,170,0,0,0,0,0,5,0,0,14,11,0,0,9,0,0,25,0,54,0,0,23,0,0,137,0,0,140,0,0,0,308,0,238,0,0,0,12,85,0,78,0,0,0,0,0,14,0,145,0,0,0,70,0,2,0,0
Healthy,23922,3692,0,NA,87,2,0,67,0,0,0,0,0,0,137,0,0,0,0,0,0,0,0,0,47,11,0,0,4,0,26,0,0,0,49,2,5,0,0,0,72,0,5,0,0,158,0,41,0,0,0,0,86,0,83,0,9,0,0,0,0,0,202,0,0,0,0,0,0,90,0
Healthy,23467,3527,0.0216,NA,134,8,0,26,154,9,28,0,0,0,58,0,5,15,0,47,0,0,0,0,0,0,0,70,9,0,0,0,21,131,0,21,0,0,0,0,0,69,0,0,0,258,0,111,0,0,15,27,0,0,0,0,4,0,21,0,3,24,187,0,0,15,0,0,0,37,0
Healthy,24262,3617,0.02424,NA,0,5,0,10,0,15,0,63,0,0,0,0,13,48,0,92,0,0,82,0,4,0,0,36,0,0,71,0,0,0,0,0,0,0,27,13,129,2,0,7,0,54,0,250,0,0,0,33,0,0,49,0,4,1,0,0,10,7,153,0,0,8,12,0,5,0,0
Healthy,23746,3552,0,NA,87,0,0,0,0,0,58,34,0,47,0,48,14,40,0,7,0,0,0,151,18,0,0,0,0,16,74,0,0,52,19,0,0,0,0,0,26,0,2,0,0,0,0,176,0,0,0,34,115,0,54,0,0,6,0,0,39,0,67,0,0,0,11,0,0,106,0
Healthy,22658,3399,0.02859,NA,130,0,0,0,104,0,2,0,0,46,69,0,0,21,0,189,0,0,0,0,0,36,0,98,0,43,54,0,0,0,0,0,0,22,82,0,0,36,12,0,0,5,0,188,0,0,0,10,0,0,119,0,9,19,0,49,0,0,0,0,0,0,0,8,0,0,0
Healthy,21889,3553,0,NA,0,0,0,0,0,0,0,0,17,0,0,0,0,33,0,0,15,0,49,0,4,0,0,0,11,0,0,0,27,0,0,0,0,0,0,0,0,0,0,0,0,119,0,24,0,0,0,16,0,22,88,17,4,33,0,0,0,0,35,0,0,55,75,0,0,0,46
Healthy,24164,3636,0,NA,69,0,0,0,341,0,0,0,0,38,0,0,0,28,0,135,33,0,0,47,0,0,0,0,33,6,0,0,0,79,0,2,0,0,0,0,138,0,3,0,0,0,0,172,0,0,0,0,7,0,0,0,0,0,0,40,36,0,227,0,0,0,0,22,0,0,0
Healthy,23626,3520,0,NA,76,25,29,0,94,0,0,0,42,27,30,12,0,0,0,318,0,42,0,49,22,9,0,49,0,2,6,0,0,0,0,0,0,0,42,17,205,3,0,7,0,10,0,110,0,0,0,0,0,0,0,0,0,18,0,0,0,3,237,0,12,5,0,2,0,0,0
Healthy,23644,3679,0.03361,NA,75,30,0,0,0,0,0,68,0,0,0,0,0,22,0,133,18,0,0,0,33,14,0,0,28,0,44,0,32,0,0,0,0,0,33,0,212,0,0,10,0,203,0,199,0,0,0,0,23,0,0,87,0,39,9,0,0,0,175,0,0,0,38,34,0,18,0
Healthy,24598,3663,0,NA,113,0,0,0,0,10,87,14,0,79,38,0,0,8,0,0,9,0,0,20,31,0,0,42,0,0,63,0,64,0,0,0,0,0,87,0,102,26,15,0,0,227,0,237,0,0,0,0,191,0,53,0,0,0,0,0,38,21,240,0,0,0,121,15,12,0,0
Healthy,24306,3618,0,NA,166,0,0,0,0,0,11,0,0,0,85,71,0,31,0,380,0,3,0,0,21,7,0,31,24,5,0,0,0,48,0,0,0,0,164,0,71,18,0,0,0,0,0,261,0,0,0,20,64,0,48,0,0,23,0,0,0,0,120,0,0,0,0,0,0,9,60
Healthy,24422,3733,0.03184,NA,86,0,0,0,0,0,0,0,0,0,44,0,12,4,0,53,0,0,0,87,22,2,0,0,0,59,3,0,28,13,14,24,0,0,157,0,126,0,10,0,0,136,0,142,0,0,0,53,130,0,136,0,4,0,0,3,0,13,206,0,0,0,67,0,0,0,0
Healthy,23084,3372,0,NA,59,20,0,0,0,73,22,0,0,0,81,0,2,0,0,149,23,0,0,199,0,1,0,7,4,0,0,0,10,0,0,0,0,0,0,83,0,0,0,0,0,136,0,95,0,13,0,32,0,0,96,0,0,9,0,0,0,0,84,0,0,0,0,0,0,0,0
Healthy,22564,3255,0.0133,NA,96,18,0,0,0,73,5,0,0,0,0,0,0,0,0,3,0,0,0,0,40,0,58,0,45,6,10,0,0,0,26,21,0,0,0,3,0,0,26,23,0,160,0,19,0,0,0,19,7,0,0,0,0,4,0,0,5,15,0,0,0,0,0,0,0,30,0
Healthy,25058,3877,0,NA,183,59,0,63,61,0,0,0,0,0,0,24,0,13,0,0,12,0,0,78,0,2,0,175,26,0,3,0,0,18,110,0,1,0,78,0,0,27,0,0,0,183,0,199,0,0,0,16,0,0,273,0,0,15,0,0,0,0,139,0,24,0,0,0,0,121,0
Healthy,27507,4268,0,NA,260,0,0,69,0,0,0,0,0,0,133,0,17,49,0,0,0,0,0,0,0,0,0,67,21,0,71,0,0,0,405,0,3,0,225,91,150,0,0,0,0,121,0,400,0,4,0,0,156,0,104,0,4,0,22,0,0,0,248,0,0,0,39,0,0,0,0
Healthy,21179,3189,0,NA,2,0,0,0,0,21,2,0,0,0,0,0,0,0,39,0,0,0,0,76,0,0,22,0,22,0,3,0,0,0,0,9,8,0,0,0,0,14,7,0,0,34,0,174,0,0,0,19,0,12,0,0,8,0,16,0,0,0,1,0,0,0,11,0,21,0,0
Healthy,24969,3637,0,NA,0,0,0,0,0,0,0,0,0,0,0,0,0,0,0,0,0,0,0,0,0,0,0,0,0,0,0,0,0,0,0,0,0,0,0,0,0,0,0,0,0,0,0,0,0,0,0,0,0,0,0,0,0,0,0,0,0,0,0,0,0,0,0,0,0,0,0
Healthy,22748,3418,0,NA,133,0,0,0,0,0,0,0,3,0,0,36,0,0,25,0,0,0,0,0,78,0,0,55,0,0,22,0,0,0,0,10,0,0,0,0,107,33,15,0,0,65,0,123,0,0,0,24,0,0,106,1,0,18,0,0,0,38,71,0,0,0,0,0,0,87,0
Healthy,24771,3633,0.06906,NA,148,0,0,19,0,0,0,0,0,15,46,0,4,62,0,0,0,0,0,0,0,5,6,11,0,0,6,0,21,0,0,0,0,0,57,78,246,18,0,0,0,242,0,260,0,0,0,7,64,0,248,0,13,0,0,0,0,44,225,0,0,0,0,9,0,48,0
Healthy,26711,3813,0,NA,295,0,0,0,0,0,0,0,0,53,9,0,0,0,0,0,32,0,0,176,33,0,0,93,0,0,76,0,0,0,8,0,0,55,0,80,277,0,10,0,0,380,0,254,0,0,0,0,0,0,191,0,4,0,31,0,0,35,368,0,0,0,0,11,3,82,15
Healthy,25017,3887,0,NA,189,0,0,0,0,0,15,20,39,0,0,0,6,0,0,0,2,0,9,0,142,0,0,143,0,22,22,12,52,0,208,11,0,0,73,25,75,0,0,0,0,135,0,302,0,67,51,5,117,0,0,0,6,0,16,0,16,42,279,0,0,0,0,11,0,0,0
Healthy,24195,3704,0,NA,88,22,67,0,0,28,0,14,3,24,6,15,29,0,0,176,6,0,0,0,38,0,0,0,0,0,0,0,32,0,0,0,0,0,0,23,50,0,0,0,0,33,0,202,0,0,0,0,0,0,73,0,0,0,4,0,9,9,110,0,0,96,91,0,3,0,17
Healthy,24227,3621,0,NA,123,16,0,0,0,0,0,0,0,41,0,0,0,0,0,176,36,0,0,0,0,8,0,0,0,106,65,0,0,0,10,0,0,51,88,99,32,0,0,0,0,82,0,178,0,0,0,16,0,0,0,0,0,5,40,0,1,9,128,0,0,0,33,9,22,105,0
Healthy,22109,3146,0,NA,11,0,0,0,0,0,18,0,0,0,0,46,0,0,36,0,6,0,11,4,18,4,0,118,0,0,64,0,0,0,92,2,7,0,0,0,0,0,3,0,0,0,21,135,0,0,0,51,0,5,0,0,0,0,41,0,22,7,0,0,0,0,0,0,0,0,0
Healthy,22844,3422,0,NA,75,46,0,0,0,0,0,0,0,0,0,0,0,0,18,0,0,25,0,105,51,0,0,4,29,32,44,0,0,0,0,0,17,0,0,0,44,24,0,41,0,0,6,114,0,0,0,45,0,0,0,0,0,0,61,0,3,0,124,0,0,86,7,9,0,0,0
Healthy,22916,3845,0,NA,57,0,0,0,0,0,0,0,1,0,0,0,0,0,1,0,0,0,0,62,17,0,0,0,10,26,0,0,33,0,0,21,0,0,0,0,122,79,0,93,0,350,0,49,0,0,18,0,0,0,0,0,9,35,0,0,0,0,0,0,0,16,0,6,0,0,6
Healthy,24096,4166,0.02354,NA,106,47,0,0,0,0,0,0,0,31,14,0,30,0,39,392,4,0,3,161,0,0,11,0,0,0,0,0,6,0,0,0,0,0,0,0,11,0,0,0,0,0,0,225,0,0,90,52,0,0,178,0,2,8,135,0,0,0,113,0,0,0,0,21,0,0,59
Healthy,26122,3770,0.02782,NA,297,8,0,0,160,0,0,0,0,0,0,0,0,13,0,224,0,0,0,0,0,3,0,172,0,0,116,0,0,0,0,0,0,0,54,0,144,64,0,0,0,207,0,288,0,0,0,50,112,0,154,0,4,10,0,0,0,17,318,0,0,41,9,4,0,0,0
Healthy,25588,4272,0.01872,NA,197,0,202,0,0,0,17,21,0,0,0,0,0,0,0,258,22,61,0,49,0,8,0,22,56,0,42,0,0,0,0,0,0,0,124,98,106,18,0,0,0,297,5,187,0,0,0,69,0,0,24,0,0,0,13,5,16,42,239,0,0,0,0,17,0,83,0
Healthy,24479,4073,0,NA,152,0,0,0,0,0,0,0,0,0,40,0,1,0,0,0,0,31,0,95,36,0,0,0,10,0,15,0,0,0,0,0,0,0,0,0,63,21,0,0,0,141,0,119,0,0,88,0,19,0,419,0,9,0,28,0,26,0,89,0,0,141,0,0,0,0,80
Healthy,21245,2945,0.0223,NA,46,0,0,0,0,29,9,0,15,0,0,0,0,0,0,0,3,0,0,12,46,8,0,87,33,0,2,0,0,0,0,1,11,0,0,0,97,0,0,0,0,51,0,171,0,0,0,0,5,0,38,0,4,5,0,0,0,0,16,25,0,12,0,0,9,0,6
Healthy,23649,3668,0,NA,30,0,0,0,0,88,0,0,58,1,8,0,0,29,0,0,0,5,0,0,26,0,0,0,14,78,31,0,0,0,0,0,0,76,0,0,226,16,0,0,0,152,0,132,0,0,21,0,0,0,217,0,0,23,0,0,0,9,61,0,14,0,0,0,2,0,0
Healthy,25140,3953,0.0256,NA,130,0,0,0,656,6,0,0,0,0,10,0,0,12,0,89,0,0,0,29,20,0,0,0,35,0,0,0,0,0,0,0,0,0,0,4,19,0,0,0,0,111,0,164,0,0,93,20,0,0,127,0,0,1,0,0,17,19,50,0,2,26,0,21,0,30,0
Healthy,24214,3493,0,NA,106,13,0,0,0,0,1,0,1,11,0,0,0,4,33,153,0,0,13,28,0,0,0,111,16,0,64,0,0,0,0,0,0,0,0,0,66,19,0,0,0,118,0,278,0,6,139,71,0,0,0,0,3,0,0,0,1,0,211,0,0,0,0,0,0,0,1
Healthy,28725,4040,0,NA,320,0,0,0,646,0,75,0,0,43,0,122,2,0,0,8,36,0,0,0,78,7,0,42,0,0,0,0,0,289,0,0,0,0,13,0,166,39,0,0,0,260,0,241,0,0,0,33,209,0,299,0,0,3,39,0,1,0,410,0,0,0,91,2,0,9,5
Healthy,20767,2935,0,NA,0,0,0,0,0,0,0,5,1,0,20,0,0,0,0,0,0,0,69,0,0,0,0,0,0,0,12,0,0,0,11,0,0,0,0,19,0,0,8,0,0,0,0,82,0,0,0,49,0,0,0,0,18,0,54,3,0,0,26,7,0,0,0,0,0,21,0
Healthy,23169,3511,0.0532,NA,54,0,0,13,0,0,55,0,0,43,0,0,0,0,0,135,0,0,59,19,0,0,12,39,31,0,85,0,0,29,0,0,0,41,64,0,120,19,1,0,39,0,0,289,0,24,0,0,0,0,0,0,8,0,0,0,0,0,29,32,0,0,0,1,0,0,0
Healthy,17999,2610,0,NA,0,1,0,0,0,0,0,0,4,0,0,0,3,0,0,0,0,0,0,0,0,9,0,0,0,0,12,0,0,0,0,0,0,0,0,0,0,0,0,0,0,0,0,22,0,0,0,0,0,0,0,0,0,0,0,3,8,0,0,0,0,0,0,17,0,0,0
Healthy,16999,2490,0.03121,NA,0,0,0,0,0,0,0,0,0,0,5,0,0,0,0,0,0,0,0,0,0,0,0,6,6,0,8,0,0,0,0,0,0,0,0,0,0,0,0,0,0,0,0,0,0,0,0,0,0,7,0,4,0,0,0,1,0,0,0,0,0,0,0,14,19,0,3
Healthy,16417,2427,0.04931,NA,0,3,0,0,0,0,0,0,0,0,0,0,0,0,0,0,0,0,0,0,0,0,0,0,0,0,0,0,0,0,0,1,1,0,0,0,0,0,0,0,2,0,0,0,0,0,2,20,0,0,0,0,0,0,0,0,0,0,0,0,0,0,0,9,1,0,0
Healthy,18676,2848,0,NA,0,16,0,0,0,0,0,0,0,0,0,0,0,0,0,0,0,10,0,0,0,0,0,0,10,0,55,0,2,0,0,0,6,0,0,0,0,0,4,0,0,0,0,44,0,0,0,3,0,0,0,0,0,19,0,0,11,0,0,0,0,0,0,9,0,0,0
Healthy,18273,2585,0.03773,NA,0,0,0,0,0,0,0,0,8,0,8,33,0,0,0,0,0,17,0,0,0,0,0,0,0,0,0,0,0,0,0,0,0,0,0,0,0,0,0,0,0,0,0,27,0,0,0,0,0,0,0,0,6,0,0,0,0,0,0,3,0,6,0,0,0,0,5
Healthy,16813,2563,0,NA,0,0,0,0,0,0,0,0,0,0,0,0,0,0,0,0,0,0,0,0,0,2,0,0,0,0,1,0,0,0,0,0,0,0,0,0,0,0,3,0,0,0,0,1,0,0,0,0,0,0,0,0,8,0,0,0,0,0,1,5,0,0,0,0,0,0,0
Healthy,17718,2506,0,NA,0,4,0,0,0,0,0,0,0,0,3,4,0,0,0,0,0,0,0,0,0,8,0,0,0,0,3,0,0,0,0,0,0,0,1,0,0,0,2,0,0,0,0,8,0,0,0,0,0,0,0,0,0,15,0,0,0,0,0,0,0,0,0,0,0,0,0
Healthy,18764,2835,0,NA,0,0,0,0,0,0,0,0,22,0,0,0,5,0,0,0,9,0,0,0,0,0,0,0,0,0,0,0,23,0,0,16,2,1,0,0,1,0,0,0,0,0,0,0,0,0,0,1,0,0,0,0,2,9,6,0,0,0,0,0,0,0,0,0,0,0,0
Healthy,19421,2828,0,NA,0,0,0,0,0,0,0,0,8,39,0,0,0,0,9,0,0,0,0,0,0,0,0,0,0,0,0,0,0,0,0,15,4,0,0,1,0,0,1,15,0,3,0,45,0,0,0,0,0,0,0,0,0,0,0,0,0,17,13,12,0,0,0,3,0,0,0
Healthy,19320,2848,0.0354,NA,0,0,0,0,0,0,0,0,0,0,0,0,20,2,0,0,0,0,0,0,18,0,0,20,0,41,2,0,5,0,0,0,0,0,0,0,0,0,4,0,0,0,0,5,0,0,0,2,0,0,0,0,0,0,0,0,0,0,0,0,0,0,0,0,0,56,0
Healthy,19474,3067,0,NA,0,1,0,0,0,24,0,0,0,0,21,0,11,0,0,0,22,0,0,0,0,1,0,10,0,0,0,0,6,50,0,0,0,0,0,0,0,0,0,0,0,0,0,41,0,0,0,0,10,0,0,0,0,0,0,0,0,14,0,2,0,13,0,0,0,11,0
Healthy,18931,2721,0,NA,0,0,0,0,0,0,0,0,15,0,0,4,8,0,0,0,0,0,0,0,0,8,0,0,0,0,0,0,0,0,0,1,0,0,0,0,0,0,0,0,0,0,0,27,0,0,0,2,0,0,0,0,0,0,5,0,0,0,0,0,0,0,0,0,6,0,0
Healthy,17013,2496,0,NA,0,0,0,0,0,0,0,0,0,0,0,0,0,0,0,0,0,14,0,0,0,0,0,0,23,0,0,0,0,0,0,0,13,0,0,0,0,0,0,0,0,0,0,0,0,2,0,0,0,0,0,3,0,0,2,21,5,0,0,0,0,0,0,0,0,0,0
Healthy,21256,3342,0.01748,NA,28,5,17,0,0,0,0,0,49,0,112,0,0,0,31,4,5,0,0,34,0,15,0,0,0,35,66,33,17,0,0,0,20,0,0,0,0,0,0,32,0,0,0,6,0,0,52,0,0,0,0,0,0,0,6,0,2,0,0,7,0,0,0,0,0,0,0
Healthy,17633,2651,0.03481,NA,0,0,0,0,0,0,0,0,8,0,0,0,0,0,0,0,0,0,0,0,0,1,0,0,0,0,0,0,26,0,0,0,0,0,0,0,0,0,0,0,0,0,0,21,0,0,0,0,0,0,0,0,0,0,4,0,6,0,0,0,0,0,0,0,0,0,0
Healthy,19200,2779,0,NA,6,0,0,3,0,0,0,0,26,4,7,0,7,0,0,0,0,0,0,0,0,1,0,0,0,0,6,0,2,0,0,17,9,0,0,0,0,0,0,0,0,0,0,49,0,0,0,0,0,0,0,7,0,1,0,0,0,0,0,0,0,0,0,3,10,0,0
Healthy,20754,2905,0,NA,0,0,0,0,68,26,5,7,0,0,14,0,0,0,15,28,0,0,0,0,0,0,0,2,2,0,21,0,9,0,0,0,0,0,20,0,0,0,0,0,0,26,0,147,0,0,32,10,0,0,0,0,5,4,0,14,0,0,25,0,0,0,0,4,0,0,0
Healthy,20705,2894,0,NA,43,0,0,0,0,0,0,0,0,0,48,0,0,9,0,0,0,0,9,9,0,0,0,0,0,0,16,0,0,0,0,0,0,0,0,0,48,0,12,0,0,147,0,141,0,0,0,0,0,0,0,0,0,1,0,0,0,0,49,0,0,0,0,0,0,0,0
Healthy,19874,2720,0,NA,0,0,0,0,0,47,20,0,23,0,0,0,0,0,0,0,0,0,0,0,0,0,0,0,0,0,13,0,0,0,0,0,8,0,0,0,0,0,0,3,0,0,0,32,0,0,38,1,0,0,0,17,9,0,0,0,0,4,0,0,0,0,0,0,0,0,0
Healthy,21365,2915,0,NA,75,0,0,0,0,35,0,0,7,0,0,0,4,9,0,158,0,0,0,0,27,0,37,79,0,12,35,0,0,0,0,0,5,0,0,0,43,10,2,0,1,12,0,67,0,9,0,0,35,0,0,0,5,0,0,0,0,0,0,19,0,0,0,15,0,0,0
Healthy,20724,3058,0.03019,NA,18,0,0,0,0,0,0,0,12,14,0,0,0,0,0,0,0,0,0,0,0,0,0,0,0,32,30,0,30,0,0,0,14,0,12,0,24,0,0,0,0,0,0,109,0,0,0,3,0,0,36,0,0,0,13,0,0,0,0,0,0,0,0,0,0,0,0
Healthy,22505,3368,0,NA,52,0,0,0,0,8,0,26,1,0,0,0,0,0,0,0,0,7,0,61,84,0,0,51,37,0,47,0,44,0,0,0,0,0,0,0,96,67,0,0,0,71,0,100,0,0,0,0,0,0,0,0,0,0,0,10,0,36,40,0,0,0,72,1,0,0,0
Healthy,22886,3137,0.02978,NA,77,6,0,0,0,0,0,0,0,0,0,0,0,21,0,0,0,0,0,98,0,0,0,88,27,0,0,0,0,148,62,0,0,0,45,0,75,6,0,0,0,0,0,34,0,0,0,70,19,0,159,0,0,0,0,0,0,0,135,0,0,70,41,14,0,0,15
Healthy,21305,3222,0,NA,27,0,0,0,0,0,0,6,0,0,0,0,0,33,0,0,0,0,0,0,21,0,0,36,0,0,51,0,31,9,0,0,0,0,0,0,0,0,21,0,0,0,0,58,0,0,21,28,0,0,36,0,4,3,0,0,0,54,153,0,0,113,0,0,0,0,0
Healthy,19991,2908,0,NA,0,0,0,0,0,0,0,0,0,0,0,0,0,0,0,0,0,0,0,0,0,12,0,0,0,1,1,0,0,0,0,7,0,0,24,42,0,0,5,0,0,0,0,14,0,0,0,0,0,0,22,0,0,34,0,0,3,4,0,2,0,0,0,0,0,0,0
Healthy,23969,3635,0,NA,123,22,0,0,0,0,0,0,0,30,0,17,11,0,0,17,0,0,0,147,39,0,0,56,0,77,54,0,20,0,0,0,0,0,0,78,142,6,11,0,0,0,0,183,165,0,0,2,125,0,0,0,0,7,0,0,0,0,139,12,0,0,0,0,0,0,0
Healthy,22859,3401,0,NA,87,0,0,0,390,0,0,0,0,58,0,0,0,0,0,53,0,0,0,0,0,7,0,3,0,0,94,98,0,0,0,0,0,0,7,50,51,0,0,0,0,57,0,223,0,0,0,0,0,0,0,0,1,0,0,0,0,0,234,0,0,0,0,0,0,0,0
Healthy,20386,2847,0,NA,13,23,0,0,0,0,0,0,0,20,0,0,0,0,0,0,0,0,50,0,0,0,0,0,0,22,6,53,30,0,0,0,18,0,0,2,0,0,0,0,0,37,0,91,0,0,0,0,0,0,0,0,2,0,0,0,0,0,0,0,0,0,0,0,0,0,0
Healthy,20667,2873,0.01913,NA,81,0,0,0,0,0,0,0,0,31,0,0,8,0,43,0,0,0,0,33,0,8,0,0,0,38,0,0,0,0,0,0,0,0,0,0,0,108,0,0,0,0,17,26,0,0,0,34,0,0,0,0,0,0,27,0,0,0,0,0,0,0,0,0,0,0,0
Healthy,16888,2316,0.009973,NA,0,0,0,0,0,0,0,0,0,0,0,0,0,0,0,0,0,0,0,0,0,0,0,0,0,0,10,0,0,0,0,0,0,0,0,0,0,0,0,0,0,0,0,0,0,0,0,0,0,0,0,0,0,0,0,0,0,0,0,0,0,0,0,0,0,0,0
Healthy,22716,3236,0,NA,102,0,0,0,0,0,0,38,0,0,0,0,0,21,0,81,0,21,60,141,20,0,0,16,0,0,0,0,0,0,0,31,0,0,28,0,0,0,0,63,0,41,0,166,0,0,0,0,0,0,0,0,7,3,0,0,0,2,127,0,0,60,0,11,18,0,0
Healthy,24136,3566,0,NA,63,17,0,0,284,0,24,0,5,112,0,0,0,14,0,0,25,4,0,34,0,21,0,0,0,0,19,0,8,70,0,0,0,0,0,0,70,10,0,0,0,0,0,135,0,0,0,28,127,0,150,0,2,6,0,0,12,3,75,0,1,0,27,10,0,39,0
Healthy,23348,3324,0,NA,100,17,110,0,0,17,0,0,0,43,4,0,0,18,0,0,66,0,0,51,6,5,0,106,0,0,45,0,28,0,0,0,0,0,0,0,0,77,0,0,0,189,0,74,0,0,0,0,0,0,114,0,13,4,0,0,0,0,21,0,0,85,0,0,0,0,0
Healthy,22080,3198,0,NA,32,0,0,0,0,0,0,0,0,0,0,0,0,0,0,0,0,0,0,0,28,12,0,0,0,0,53,0,0,0,227,0,14,0,108,0,113,11,0,0,0,0,0,191,0,0,0,7,13,0,0,17,0,0,0,0,0,1,37,0,0,0,9,3,0,0,0
Healthy,23272,3416,0.01368,NA,121,0,0,0,0,0,0,35,0,0,0,0,0,0,66,0,35,0,68,5,0,0,0,0,0,0,43,0,36,72,0,0,32,0,9,0,0,0,0,0,0,164,0,228,0,0,108,0,0,0,93,0,0,16,75,0,21,18,252,1,0,0,38,0,0,54,0
Healthy,23900,3523,0,NA,73,25,0,0,0,0,0,0,0,0,47,0,0,0,0,0,0,0,0,29,0,33,0,0,0,0,0,0,0,0,0,0,0,0,41,117,44,0,0,0,0,252,0,259,0,0,0,0,0,0,1,0,3,1,47,0,9,0,80,0,0,6,39,0,1,21,36
Healthy,22210,3197,0,NA,32,1,0,2,0,0,12,0,19,0,28,0,0,22,0,0,0,0,0,13,0,5,0,0,41,0,11,0,0,0,0,0,0,0,0,0,0,0,0,1,0,152,0,74,0,0,58,18,0,0,1,0,0,0,9,0,0,11,109,0,0,0,0,21,0,0,0
Healthy,19983,2887,0,NA,0,0,0,0,0,0,0,0,0,0,0,0,0,30,0,0,18,0,0,0,34,8,0,0,0,0,16,0,0,0,0,22,0,0,0,0,0,7,21,5,0,0,0,44,0,0,0,18,0,0,0,0,0,6,0,0,0,0,0,0,0,0,0,0,0,0,0
Healthy,19442,2707,0,NA,0,0,0,0,0,0,0,0,0,0,0,21,0,0,0,0,0,0,0,0,0,11,0,0,0,0,0,0,10,0,0,0,0,2,0,0,0,0,0,0,0,0,0,69,0,20,0,0,0,0,0,30,0,0,5,0,0,0,0,0,0,10,0,0,0,0,0
Healthy,20084,2891,0,NA,0,0,0,0,0,12,0,0,0,0,42,0,0,0,0,0,0,0,16,0,1,0,0,0,0,0,1,0,0,0,0,0,26,0,0,0,0,0,0,0,0,0,0,47,0,0,17,7,0,0,0,0,0,0,0,0,0,0,0,0,0,0,0,0,0,0,0
Healthy,18988,2974,0.02261,NA,0,0,0,0,0,0,0,0,0,0,0,0,0,0,0,0,0,0,0,0,0,3,0,0,0,0,0,0,0,0,0,0,0,0,0,0,0,0,0,0,0,0,0,0,0,0,0,6,0,0,0,0,0,0,0,0,0,0,0,0,0,0,0,0,0,0,0
Healthy,20288,2933,0.04861,NA,0,0,0,0,0,0,0,0,0,0,0,0,2,0,0,0,0,2,0,0,0,0,0,0,0,0,0,0,0,0,0,5,0,0,0,0,0,0,0,0,0,0,0,0,0,0,0,0,0,0,0,17,6,0,0,7,6,0,0,0,0,0,0,0,0,0,13
Healthy,21289,3014,0,NA,0,0,0,3,0,0,11,0,11,0,0,0,0,11,0,64,1,0,0,23,42,1,0,0,0,0,0,0,0,0,0,32,2,0,19,0,0,0,0,0,0,0,0,98,0,0,9,27,0,10,0,0,1,8,13,0,0,10,20,0,0,0,0,6,0,0,0
Healthy,23522,3425,0,NA,113,20,0,0,0,0,6,0,0,0,0,0,0,0,0,9,22,0,12,123,3,19,0,0,60,0,45,58,0,0,291,0,0,0,69,0,0,23,0,0,0,0,0,263,0,0,0,30,0,0,51,0,13,11,0,0,0,0,70,0,0,0,0,0,0,14,0
Healthy,21599,3083,0,NA,54,0,0,0,0,0,0,0,0,9,9,0,0,0,0,0,0,0,0,0,0,6,0,39,0,31,19,0,0,0,0,0,28,0,0,58,29,0,14,0,0,60,0,32,0,0,0,18,0,0,0,0,0,0,0,0,1,0,0,0,0,0,0,6,0,36,0
Healthy,22366,3285,0.02278,NA,84,27,0,0,0,28,0,0,0,0,60,102,0,31,0,113,20,0,0,0,7,2,0,31,0,23,0,0,0,0,0,0,2,0,0,0,0,0,0,0,0,20,0,18,0,0,25,68,99,0,227,0,7,13,0,0,0,0,112,0,0,0,0,16,0,0,0
Healthy,22703,3175,0.05418,NA,123,0,0,0,0,0,18,0,0,78,0,0,0,0,0,0,0,0,75,16,9,0,0,0,0,0,35,0,27,0,0,0,0,0,140,2,0,66,0,0,0,85,0,204,0,0,0,49,0,0,62,0,0,0,7,0,0,0,119,0,0,0,0,8,4,0,0
Healthy,23179,3007,0.04869,NA,0,3,0,0,0,0,0,28,0,7,0,1,0,0,0,20,0,0,0,5,0,0,0,28,0,0,0,0,0,0,0,0,1,0,0,5,0,0,0,2,0,0,1,12,0,0,0,0,0,7,0,0,6,0,0,0,0,6,0,0,0,0,46,0,13,0,0
Healthy,22243,3125,0,NA,0,0,0,0,0,1,0,0,0,19,0,0,0,0,0,0,0,0,0,0,0,0,0,0,0,0,14,0,0,0,0,0,0,0,0,0,0,0,9,0,0,0,0,7,0,0,0,0,0,0,0,2,0,0,0,0,0,0,0,5,0,0,0,0,0,0,0
Healthy,22494,3022,0.02336,NA,0,0,0,0,0,128,0,0,0,0,50,0,0,24,0,0,7,0,0,0,16,4,0,7,0,0,0,0,0,0,154,0,0,0,80,82,0,41,0,0,0,219,0,210,0,0,0,0,2,0,8,0,8,0,0,6,11,18,68,0,0,0,0,12,6,0,47
Healthy,18565,2202,0,NA,0,0,0,0,0,0,0,0,0,0,0,0,0,0,0,0,2,0,0,0,0,3,0,0,0,4,0,0,35,0,0,0,7,0,0,0,0,0,0,0,0,0,0,0,0,0,0,5,0,0,0,0,0,0,0,19,13,5,0,0,0,0,0,0,0,0,0
Healthy,19985,2326,0.0224,NA,0,0,0,0,0,0,0,0,0,8,0,0,0,0,0,0,0,0,0,0,0,0,0,0,0,0,0,0,3,0,0,0,1,0,0,0,0,0,0,0,0,0,0,29,0,0,0,0,0,0,0,0,0,0,4,8,0,0,8,0,0,0,0,0,2,0,0
Healthy,22125,2664,0.01598,NA,157,17,0,0,0,16,0,0,0,68,0,0,0,0,0,9,24,0,0,7,18,17,0,48,12,52,0,0,0,0,0,0,0,0,0,0,146,0,0,0,24,181,0,240,0,0,5,0,9,22,0,0,0,0,63,0,41,0,254,0,1,0,0,0,16,9,0
Healthy,20485,2555,0.01641,NA,0,0,0,0,0,0,0,0,0,0,0,0,0,0,0,0,0,0,0,0,0,19,30,0,0,0,0,0,0,0,0,0,4,0,0,0,51,0,0,0,0,15,15,21,0,0,0,4,0,0,20,0,0,11,0,0,0,0,0,0,0,38,0,0,0,0,0
Healthy,23869,3087,0.02645,NA,218,0,0,0,340,0,0,0,0,0,0,15,0,10,0,0,18,0,0,0,21,0,0,0,0,0,41,0,0,0,80,0,19,0,22,49,55,0,0,0,0,143,0,0,0,0,0,0,0,0,164,0,0,10,3,32,0,0,128,0,17,0,55,0,9,82,0
Healthy,20884,2719,0,NA,27,0,0,0,0,0,0,0,0,0,0,0,0,17,0,0,0,0,0,13,0,0,0,51,0,105,14,0,11,12,88,7,0,0,5,0,8,26,0,0,0,0,0,38,0,0,23,4,26,0,0,0,0,6,0,0,0,0,5,0,0,43,149,0,16,0,0
Healthy,22794,3013,0.03694,NA,162,7,0,0,0,0,0,0,0,0,0,0,0,0,0,0,0,0,90,0,37,0,0,26,0,0,27,0,5,0,0,0,0,0,125,6,0,100,0,0,0,179,0,214,0,0,0,0,0,0,292,0,0,3,0,36,0,0,179,0,0,0,24,7,21,0,0
Healthy,21899,3009,0,NA,82,0,0,0,0,0,24,0,4,0,0,0,0,0,0,0,0,0,0,44,21,1,0,44,0,0,24,0,0,0,10,0,0,0,137,0,49,0,28,0,0,348,0,61,0,0,0,0,0,0,117,0,0,0,39,0,0,0,97,0,0,0,34,16,5,0,0
Healthy,20426,2593,0,NA,37,0,0,0,0,0,0,0,0,0,0,0,0,0,0,0,10,0,0,0,17,0,2,49,0,17,54,0,0,0,0,0,13,4,0,0,0,0,0,0,0,44,0,27,0,0,0,9,0,0,0,0,0,0,0,0,0,0,0,0,0,0,0,3,0,0,0
Healthy,18333,2267,0.01747,NA,0,0,0,0,0,0,0,0,6,0,0,0,0,0,0,0,0,0,0,0,0,0,0,0,0,9,10,0,13,0,0,0,0,0,0,0,0,0,0,0,0,0,0,0,0,0,0,0,0,0,0,0,2,0,0,0,0,3,0,4,0,0,0,0,0,0,0
Healthy,21079,2725,0,NA,0,0,0,0,0,14,0,0,0,0,0,0,1,1,0,0,0,0,0,0,0,5,0,13,0,0,22,0,0,0,0,9,5,0,6,0,0,65,4,0,0,33,0,34,0,1,0,0,10,0,17,2,0,9,6,0,0,0,0,23,0,0,0,0,0,0,0
Healthy,23036,3075,0,NA,138,0,0,0,0,53,0,69,0,43,0,0,3,37,0,103,8,0,0,11,0,5,0,0,0,15,50,0,6,0,0,4,0,0,97,0,76,13,10,0,0,0,0,217,0,0,44,13,0,0,249,0,11,0,29,0,0,0,96,0,0,0,0,0,0,10,0
Healthy,22715,3144,0,NA,56,0,0,0,0,0,0,7,21,51,0,0,5,0,33,57,4,0,0,20,0,20,0,0,0,0,28,19,0,0,0,0,0,0,33,0,0,0,11,0,0,124,0,126,0,0,19,35,37,0,0,0,0,0,4,0,20,0,164,0,0,0,0,0,0,25,0
Healthy,10428,1257,0.04386,NA,0,0,0,0,0,0,0,0,0,0,0,0,0,0,0,0,0,0,0,0,0,0,0,0,0,0,0,0,0,0,0,0,0,0,0,0,0,0,0,0,0,0,0,0,0,0,0,0,0,0,0,0,0,0,0,0,0,0,0,0,0,0,0,0,0,0,0
Healthy,9618,1168,0,NA,0,0,0,0,0,0,0,0,0,0,0,0,0,0,0,0,0,0,0,0,0,0,0,0,0,0,0,0,0,0,0,0,0,0,0,0,0,0,0,0,0,0,0,0,0,0,0,0,0,0,0,0,0,0,0,0,0,0,0,0,0,0,0,0,0,0,0
Healthy,12296,1433,0,NA,0,0,0,0,0,0,0,0,0,0,0,0,0,0,0,0,0,0,0,0,0,0,0,0,0,0,0,0,0,0,0,0,0,0,0,0,0,0,0,0,0,0,0,0,0,0,0,0,0,0,0,0,0,0,0,0,0,0,0,0,0,0,0,0,0,0,0
Healthy,13890,1641,0,NA,0,0,0,0,0,0,0,0,0,0,0,0,0,0,0,0,0,0,0,0,0,0,0,0,0,0,0,0,0,0,0,0,0,0,0,0,0,0,0,0,0,0,0,0,0,0,0,0,0,0,0,0,0,0,0,0,0,0,0,0,0,0,0,0,0,0,0
Healthy,13260,1610,0,NA,0,0,0,0,0,0,0,0,0,0,0,0,0,0,0,0,0,0,0,0,0,0,0,0,0,0,0,0,0,0,0,0,0,0,0,0,0,0,0,0,0,0,0,0,0,0,0,0,0,0,0,0,0,0,0,0,0,0,0,0,0,0,0,0,0,0,0
Healthy,13674,1704,0.02083,NA,0,0,0,0,0,0,0,0,0,0,0,0,0,0,0,0,0,0,0,0,0,0,0,0,0,0,0,0,0,0,0,0,0,0,0,0,0,0,0,0,0,0,0,0,0,0,0,0,0,0,0,0,0,0,0,0,0,0,0,0,0,0,0,0,0,0,0
Healthy,14309,1753,0,NA,0,0,0,0,0,0,0,0,0,0,0,0,0,0,0,0,0,0,0,0,0,0,0,0,0,0,0,0,0,0,0,0,0,0,0,0,0,0,0,0,0,0,0,2,0,0,0,0,0,0,0,0,3,0,0,0,0,0,0,0,0,0,0,0,0,0,0
Healthy,14331,1632,0.02769,NA,0,0,0,0,0,0,0,0,0,0,0,0,0,0,0,0,0,0,0,0,0,0,0,0,0,0,0,0,0,0,0,0,0,0,0,0,0,0,0,0,0,0,0,0,0,0,0,0,0,0,0,0,1,0,0,0,0,0,0,0,0,0,0,0,0,0,0
Healthy,13162,1697,0,NA,0,0,0,0,0,0,0,0,0,0,0,0,0,0,0,0,0,0,0,0,0,0,0,0,0,0,0,0,0,0,0,0,0,0,0,0,0,0,0,0,0,0,0,0,0,0,0,0,0,0,0,0,0,0,0,0,0,0,0,0,0,0,0,0,0,0,0
Healthy,15706,1984,0,NA,0,0,0,0,0,0,0,0,0,0,0,0,0,0,0,0,0,0,0,0,0,0,0,0,0,0,0,0,0,1,0,2,0,0,0,0,0,0,0,0,0,0,0,0,0,0,0,0,0,0,0,0,0,3,0,2,0,0,0,0,0,0,0,0,0,0,4
Healthy,15454,1882,0.01819,NA,0,0,0,0,0,0,0,0,0,0,0,0,0,0,0,0,0,0,0,0,0,0,0,0,0,0,0,0,0,0,0,2,0,0,0,0,0,0,0,0,0,0,0,1,0,0,0,0,0,0,0,0,0,0,0,0,0,0,0,0,0,0,0,0,7,0,0
Healthy,17144,2169,0.01944,NA,0,0,0,0,0,0,0,0,0,0,0,0,0,0,0,0,0,0,0,0,0,0,0,0,0,0,3,0,0,0,0,0,0,0,0,0,0,0,0,0,0,0,0,15,0,0,0,0,0,0,0,0,0,0,0,0,0,0,0,0,0,0,0,0,0,0,0
Healthy,16478,2110,0,NA,0,0,0,0,0,0,0,0,0,0,0,4,0,0,0,0,0,0,0,0,0,0,0,0,0,0,0,0,0,0,0,0,0,0,0,0,0,0,0,0,0,0,0,0,0,0,0,0,0,0,0,0,0,0,0,0,0,0,0,0,0,0,0,0,0,0,0
Healthy,15540,1956,0,NA,0,0,0,0,0,0,0,0,0,0,0,0,0,0,0,0,0,0,0,0,0,0,0,0,0,0,0,0,0,0,0,20,0,0,0,0,0,0,0,0,0,0,0,0,0,0,0,0,0,0,0,0,0,0,0,0,0,0,0,0,0,0,0,0,0,0,0
Healthy,15764,1991,0.04289,NA,0,0,0,0,0,0,0,0,0,0,0,0,0,0,0,0,0,0,0,0,0,0,0,0,0,0,0,0,0,0,0,0,0,0,0,0,0,0,10,0,0,0,0,0,0,0,0,0,1,0,0,0,0,0,0,0,0,0,0,0,0,0,0,0,0,0,0
Healthy,17408,2306,0,NA,0,0,0,0,0,0,0,0,0,0,0,0,0,0,4,0,0,0,0,0,0,0,0,0,0,0,0,0,0,0,0,0,0,0,0,0,11,0,0,0,0,0,0,0,0,0,0,0,0,0,0,0,0,5,0,0,0,0,0,0,0,0,0,0,0,0,0
Healthy,13331,1613,0,NA,0,0,0,0,0,0,0,0,0,0,0,0,0,0,0,0,0,0,0,0,0,3,0,0,0,0,0,0,0,0,0,0,0,0,0,0,0,0,0,0,0,0,0,0,0,0,0,0,0,0,0,0,0,0,0,0,0,0,0,0,0,0,0,0,0,0,0
Healthy,15110,2027,0,NA,0,0,0,0,0,0,0,0,1,0,0,0,0,0,0,0,0,0,0,0,1,0,0,0,0,0,1,0,0,2,0,0,0,0,0,0,0,0,0,7,0,0,0,0,0,0,0,0,0,0,0,0,0,0,0,0,0,0,0,0,0,0,0,0,0,0,0
Healthy,14872,2105,0,NA,0,0,0,0,0,0,0,0,0,0,0,0,0,0,0,0,0,0,0,0,0,0,0,0,0,0,22,0,0,5,0,0,0,0,0,0,0,0,0,0,0,0,0,0,0,0,0,0,0,0,0,0,0,0,0,0,0,0,0,0,0,0,0,0,0,0,0
Healthy,15843,2179,0,NA,0,0,0,0,0,0,0,0,0,0,0,0,7,0,0,0,0,0,0,0,0,0,0,0,0,0,0,0,0,4,0,2,0,0,0,0,0,0,1,0,0,0,0,0,0,0,0,2,0,0,0,0,0,0,0,0,0,0,0,0,0,0,0,0,5,0,0
Healthy,14027,1880,0,NA,0,0,0,0,0,0,0,0,0,0,0,0,0,0,0,0,0,0,0,0,0,0,0,0,0,0,0,0,0,0,0,0,0,0,0,0,0,0,0,0,0,0,0,0,0,0,0,0,0,0,0,0,0,0,0,0,0,0,0,0,0,0,0,0,0,0,0
Healthy,15097,2017,0,NA,0,0,0,0,0,0,0,0,0,0,0,0,0,0,0,0,0,0,0,0,0,0,0,0,0,0,0,0,0,0,0,0,0,0,0,0,0,0,0,0,0,0,0,0,0,0,0,0,0,0,0,0,0,0,0,0,0,0,0,0,0,0,0,0,0,0,0
Healthy,15249,2061,0,NA,0,0,0,0,0,0,0,0,0,0,0,0,0,0,0,0,0,0,0,0,0,0,0,0,0,0,0,0,0,0,0,3,0,0,0,0,0,0,0,0,0,0,0,0,0,0,0,0,0,0,0,3,0,0,0,6,0,0,0,0,0,0,0,0,0,0,7
Healthy,18793,2654,0.03263,NA,0,0,0,0,0,0,0,0,0,0,0,0,0,0,0,0,0,0,0,0,6,3,0,29,0,0,0,0,0,0,0,6,0,8,0,0,0,0,0,0,0,5,0,0,0,0,0,7,0,0,0,2,0,0,0,0,0,10,0,0,0,0,0,0,0,25,0
Healthy,18071,2378,0.01737,NA,0,0,0,0,0,0,0,0,0,0,0,0,0,0,0,0,0,0,0,0,0,14,0,0,0,0,0,0,0,0,0,3,0,0,0,0,0,0,0,0,0,0,0,1,0,0,0,0,0,0,0,0,0,0,0,5,0,0,0,1,0,0,0,11,0,0,7
Healthy,16953,2264,0,NA,0,0,0,0,0,0,0,0,0,0,0,0,0,0,0,0,0,0,0,0,1,0,0,0,0,0,9,0,0,0,0,0,0,0,0,0,0,0,5,3,0,0,0,1,0,1,0,0,0,0,0,3,0,0,0,0,0,0,0,0,0,0,0,0,0,0,0
Healthy,17309,2299,0.01994,NA,0,0,0,0,0,0,0,0,0,0,0,0,0,0,0,0,0,0,0,0,0,0,0,0,0,0,0,0,0,2,0,4,0,0,0,0,0,0,0,0,0,1,0,21,0,0,0,2,0,0,0,0,0,0,0,0,0,0,0,0,0,0,0,0,0,0,0
Healthy,16348,2270,0,NA,0,0,0,0,0,0,0,0,0,0,0,0,0,0,0,0,0,0,0,0,0,0,0,0,0,0,0,0,0,0,0,1,0,0,0,0,0,0,1,1,0,0,0,6,0,0,0,0,0,0,0,0,0,0,14,0,0,0,0,0,0,0,0,0,0,0,0
Healthy,16518,2236,0.0251,NA,0,0,0,0,0,0,0,0,0,0,0,0,0,0,0,0,0,0,0,0,0,0,0,0,0,0,0,0,0,0,0,0,0,0,0,0,0,0,4,0,0,0,0,8,0,0,0,0,0,0,0,3,0,0,0,0,0,0,0,0,0,0,0,0,0,0,0
Healthy,17011,2258,0,NA,0,0,0,0,0,0,0,0,0,0,0,10,2,0,0,0,0,0,0,0,0,0,0,0,0,0,2,0,0,0,0,2,0,0,0,0,0,0,0,9,0,6,0,0,0,0,0,0,0,0,0,0,0,0,10,14,5,1,0,1,0,0,0,0,1,0,0
Healthy,16276,2123,0.03516,NA,0,0,0,0,0,0,0,0,0,0,0,0,0,0,0,0,0,0,0,0,0,0,0,0,0,0,0,0,0,0,0,0,0,2,0,0,0,0,0,0,0,0,0,0,0,0,0,0,0,0,0,0,3,0,1,2,0,1,0,0,0,0,0,0,0,0,0
Healthy,15827,2163,0,NA,0,0,0,0,0,0,0,0,0,0,0,6,0,0,0,0,0,0,0,0,0,0,0,0,0,0,0,0,0,0,0,0,0,0,0,0,0,0,0,0,0,0,0,4,0,0,0,0,0,0,0,0,0,0,0,0,0,0,0,0,0,0,0,0,0,0,0
Healthy,17931,2427,0,NA,0,0,0,0,0,0,0,0,0,0,0,17,0,0,0,0,4,0,0,0,0,6,0,0,0,0,2,0,0,0,0,0,0,0,2,0,2,0,0,0,0,0,0,24,0,0,0,0,2,0,0,0,7,0,0,1,0,0,0,5,0,0,1,0,0,0,0
Healthy,15709,2120,0,NA,0,0,0,0,0,0,0,0,0,0,0,0,0,0,0,0,0,0,0,0,0,0,0,0,0,0,0,0,0,0,0,0,0,0,0,0,0,0,0,0,0,0,0,2,0,0,0,3,0,0,0,1,0,0,0,0,0,0,0,0,0,0,0,0,0,0,1
Healthy,15142,1974,0.02025,NA,0,0,0,0,0,0,0,0,0,0,0,0,0,0,0,0,0,0,0,0,0,0,0,0,0,0,0,0,0,0,0,0,0,0,0,0,0,0,0,0,0,0,0,0,0,0,0,0,0,0,0,0,0,0,0,0,0,0,0,0,0,0,0,0,0,0,0
Healthy,14848,1849,0.03697,NA,0,0,0,0,0,0,0,0,0,0,0,0,0,0,0,0,0,0,0,0,0,0,0,0,0,0,0,0,0,0,0,0,0,0,0,0,0,0,0,0,0,0,0,8,0,0,0,0,0,0,0,0,0,0,0,0,0,0,0,0,0,0,0,0,0,2,0
Healthy,16149,2183,0.0398,NA,0,0,5,0,0,0,0,0,2,0,4,0,0,0,0,0,0,0,0,0,0,0,0,0,0,0,2,0,0,0,0,0,0,0,0,0,0,0,0,0,0,0,0,0,0,0,0,0,0,0,0,0,0,0,0,0,0,0,0,0,0,0,0,0,0,0,0
Healthy,17012,2224,0.04021,NA,0,0,0,0,0,0,0,0,0,0,0,0,0,0,0,0,0,0,0,0,0,0,0,0,0,0,0,0,0,0,0,0,0,0,0,0,0,0,0,0,0,0,0,0,0,0,0,0,0,0,0,0,0,5,0,0,0,0,0,0,0,0,0,0,0,0,0
Healthy,15428,2100,0,NA,0,0,0,0,0,0,0,0,0,0,0,3,0,0,0,0,0,0,0,0,0,0,0,0,0,0,0,0,0,0,0,0,0,0,0,0,0,0,0,0,0,0,0,0,0,0,0,0,0,0,0,0,0,0,0,0,0,0,0,0,0,0,0,0,0,0,0
Healthy,14110,1824,0,NA,0,0,0,0,0,0,0,0,0,0,0,0,0,0,0,0,0,0,0,0,0,0,0,0,0,0,0,0,0,0,0,0,0,0,0,0,0,0,0,0,0,0,0,0,0,0,0,0,0,0,0,0,0,0,0,0,0,0,0,0,0,0,0,0,0,0,0
Healthy,16270,2099,0,NA,0,0,0,0,0,0,0,0,0,0,0,0,0,0,0,0,0,0,0,0,0,5,0,0,0,0,0,0,0,0,0,0,0,0,0,0,0,0,0,0,0,0,0,0,0,0,0,2,0,0,0,5,0,0,0,0,0,0,0,0,0,0,0,0,0,0,0
Healthy,11842,1482,0,NA,0,0,0,0,0,0,0,0,0,0,0,0,0,0,0,0,0,0,0,0,0,0,0,0,0,0,0,0,0,0,0,0,0,0,0,0,0,0,0,0,0,0,0,0,0,0,0,0,0,0,0,0,0,0,0,0,0,0,0,0,0,0,0,0,0,0,0
Healthy,23550,3240,0.01644,NA,23,10,0,17,0,0,0,0,0,30,0,0,2,0,0,8,0,0,39,0,17,9,0,48,9,11,9,0,0,0,0,0,0,12,6,0,3,22,0,0,0,140,3,156,0,0,0,0,0,0,0,0,0,0,0,4,2,6,0,0,0,0,0,8,0,29,27
Healthy,24061,3377,0,NA,0,17,0,0,0,0,0,0,0,38,0,0,0,44,0,0,17,9,0,46,0,12,0,0,24,47,0,0,0,116,0,0,0,0,0,0,13,0,0,0,0,0,0,0,0,0,0,0,0,0,0,0,1,10,0,0,0,0,106,6,0,0,13,23,0,0,0
Healthy,22776,3247,0,NA,49,0,0,0,0,5,0,0,0,0,0,11,0,0,0,137,13,4,88,6,0,0,0,0,11,21,3,0,0,0,0,3,20,0,0,0,0,0,0,27,0,0,0,21,0,0,0,29,0,0,69,0,0,0,0,3,0,0,83,0,0,0,0,0,0,0,0
Healthy,21748,2975,0,NA,0,0,0,0,0,0,0,0,0,0,0,28,0,0,0,0,1,0,0,0,0,1,0,0,0,0,6,0,0,0,0,5,0,0,0,0,0,0,0,0,0,0,0,12,0,0,14,0,0,0,0,0,18,0,0,0,0,0,0,0,0,66,0,20,0,0,3
Healthy,22233,3132,0,NA,8,0,0,0,0,0,0,0,0,0,0,0,0,0,0,47,5,17,0,0,0,16,0,0,19,11,16,0,0,0,0,0,0,0,0,0,115,0,1,0,0,27,0,13,0,18,0,18,0,0,0,0,0,0,0,0,0,0,0,0,0,0,0,0,0,0,0
Healthy,21458,2884,0,NA,32,0,89,2,0,0,12,2,0,0,0,0,0,0,0,0,0,0,0,0,0,0,0,9,9,8,0,0,0,0,0,8,0,0,0,0,0,19,19,0,0,11,0,0,0,0,0,2,0,3,0,0,0,0,0,0,0,0,0,0,0,25,0,0,0,0,0
Healthy,20856,2922,0.04969,NA,0,0,0,0,0,0,0,0,13,0,0,0,0,0,0,0,5,0,0,0,0,0,0,0,0,0,0,0,0,0,0,0,26,0,0,0,0,0,0,0,0,0,0,0,0,0,0,0,0,0,0,0,0,11,4,0,0,0,0,0,0,0,0,0,0,6,0
Healthy,21141,2922,0,NA,0,0,0,0,0,0,0,0,12,0,1,0,0,0,0,0,0,0,0,0,2,0,0,0,0,0,3,0,0,0,0,0,4,0,0,0,0,0,0,20,0,0,0,13,0,0,0,0,0,0,0,0,0,0,0,0,8,0,0,2,0,0,0,0,0,0,0
Healthy,22370,3134,0,NA,17,1,0,0,0,0,0,0,31,3,9,0,5,0,0,0,23,0,3,16,0,0,0,30,0,20,10,0,13,0,19,0,2,0,0,0,0,0,22,0,0,0,0,7,0,0,0,2,0,0,0,0,0,18,0,1,0,0,65,0,0,0,0,0,0,0,0
Healthy,22131,3051,0,NA,0,8,0,0,0,0,29,0,0,54,0,0,3,0,0,0,23,0,0,7,16,0,0,3,0,54,3,0,0,0,37,0,0,0,3,0,0,0,0,0,0,45,0,31,0,0,0,0,0,0,0,0,12,9,17,16,0,0,31,0,0,0,0,0,0,0,0
Healthy,23615,3477,0,NA,11,7,39,0,0,0,12,0,0,30,1,0,10,39,0,5,21,0,0,0,0,16,0,0,0,20,0,0,19,34,0,0,0,0,5,36,0,0,26,37,0,0,0,103,0,0,0,0,15,0,74,0,7,0,0,0,0,48,122,0,0,0,0,13,0,0,0
Healthy,23427,3217,0.02767,NA,0,0,0,0,0,0,0,0,0,0,0,0,0,0,0,0,20,0,0,17,4,0,0,0,0,0,13,0,0,0,0,0,0,0,0,0,74,8,4,0,0,18,0,132,0,0,0,0,82,0,0,0,15,0,0,19,0,0,6,5,0,0,49,0,0,0,0
Healthy,22847,3390,0.03406,NA,0,12,0,0,0,0,0,0,0,0,0,0,0,0,0,0,0,12,0,0,19,8,0,1,0,0,0,0,0,0,0,0,0,0,4,53,63,0,0,0,0,0,0,106,0,0,0,23,0,0,0,0,0,0,0,0,37,0,0,0,0,0,37,28,0,0,0
Healthy,16312,2292,0,NA,0,0,0,0,0,0,0,0,0,0,1,0,0,0,0,0,0,0,0,0,0,0,0,0,0,0,0,0,0,0,0,1,0,0,0,0,0,0,0,0,0,0,5,0,0,0,0,0,0,0,0,3,0,0,7,0,0,12,0,0,0,0,0,0,0,0,1
Healthy,15889,2249,0,NA,0,0,0,0,0,0,0,0,0,0,0,0,0,0,0,0,0,0,0,0,0,0,0,0,0,0,0,0,0,0,0,3,0,0,0,0,0,0,6,1,0,0,0,0,0,0,0,0,0,0,0,0,4,0,0,0,0,0,0,0,0,0,0,0,0,0,0
Healthy,22366,3168,0.04936,NA,0,11,80,10,0,0,0,0,0,0,0,3,0,0,0,0,0,0,0,7,0,0,0,0,0,0,0,10,0,0,0,9,0,0,0,0,0,6,0,0,0,0,0,11,0,0,0,0,0,38,0,0,0,0,0,0,0,11,0,0,0,0,0,0,5,0,42
Healthy,15647,2148,0,NA,0,0,0,0,0,0,0,0,0,0,0,0,0,0,0,0,0,8,0,0,0,0,0,0,19,0,0,0,0,0,0,0,0,0,0,0,0,0,0,0,0,0,1,0,0,0,0,0,0,0,0,0,0,0,0,0,0,0,0,0,0,0,0,0,0,0,0
Healthy,17348,2409,0,NA,0,1,0,0,0,0,0,0,0,0,0,6,0,0,0,0,0,0,0,0,0,0,0,0,0,0,1,0,2,0,0,0,2,0,0,0,0,0,1,0,0,0,0,0,0,0,0,0,0,0,0,0,0,9,0,0,0,0,1,6,0,0,0,0,0,0,0
Healthy,21372,3009,0,NA,17,0,0,0,0,0,0,0,0,0,0,0,3,2,0,0,0,0,0,7,0,0,0,0,0,3,11,0,13,0,0,0,0,0,0,31,0,0,0,0,0,18,0,0,0,0,0,22,0,0,24,0,0,1,0,0,0,0,0,0,0,0,0,0,5,0,0
Healthy,22656,3127,0.02692,NA,57,5,0,37,0,0,0,0,0,39,0,0,0,0,0,0,52,0,0,19,0,0,0,25,0,0,14,0,0,0,0,8,13,0,0,0,0,0,0,0,0,0,0,20,0,0,62,1,0,0,0,0,9,1,0,0,0,0,180,0,0,0,71,0,0,0,0
Healthy,21059,2976,0,NA,0,0,0,0,0,0,0,0,9,0,0,0,0,0,0,0,9,0,0,0,0,11,0,0,0,1,0,0,2,0,0,0,0,0,0,0,0,0,0,0,0,0,0,24,0,0,0,1,0,0,0,0,0,0,9,0,0,0,0,4,0,0,0,0,0,0,0
Healthy,25184,3611,0,NA,95,0,0,0,0,0,0,73,0,46,66,34,0,36,0,130,18,0,0,0,9,23,0,0,27,0,10,0,0,0,0,3,0,39,3,72,198,0,16,0,0,192,0,2,68,0,0,0,0,0,0,0,5,0,0,30,2,0,363,0,0,0,0,0,4,111,0
Healthy,22842,3109,0,NA,12,0,0,0,68,0,11,0,0,0,0,44,0,0,33,69,0,9,0,1,0,8,0,0,0,0,3,0,39,0,0,0,0,0,13,0,16,0,0,0,0,0,0,98,0,0,0,0,0,0,0,0,9,0,0,0,30,0,80,0,3,0,0,0,0,29,0
Cancer,28480,3892,0.03413,NA,108,41,0,0,371,202,74,0,0,77,0,0,0,12,0,0,0,2,0,0,70,0,22,0,4,61,104,0,0,0,0,0,0,0,0,0,286,151,0,0,0,183,0,138,0,0,0,0,56,0,195,0,8,19,0,0,0,36,0,0,0,0,0,0,19,11,0
Cancer,28760,3823,0.0298,NA,145,11,0,0,903,0,24,0,0,0,0,10,0,35,0,96,1,0,0,0,20,0,0,110,28,0,23,0,0,86,0,0,0,0,0,0,105,160,11,0,0,33,0,72,42,0,0,0,0,0,247,0,9,14,62,43,0,0,38,0,0,0,85,21,0,16,0
Cancer,26187,4130,0.04617,NA,72,0,0,0,0,0,0,0,25,37,34,0,15,0,0,0,5,0,0,0,0,25,0,0,6,0,36,0,0,0,0,0,0,0,0,133,43,0,0,0,0,0,0,54,0,0,15,0,69,0,0,0,3,8,0,11,4,0,167,0,0,39,170,0,0,0,30
Cancer,38164,4483,0.03174,NA,651,47,0,0,2218,0,13,0,0,131,0,0,0,0,0,442,0,0,0,0,0,0,0,58,95,0,103,0,0,0,0,0,0,0,166,331,424,16,0,0,0,246,0,506,0,0,0,50,0,0,228,0,11,9,0,59,20,99,590,0,0,0,21,0,0,0,0
Cancer,25101,3873,0.02293,NA,55,0,0,0,0,0,0,0,0,0,37,0,0,43,0,0,0,51,0,118,0,0,0,0,0,0,44,0,0,147,0,0,0,0,0,0,0,0,0,0,0,39,4,32,0,0,0,0,11,0,0,0,1,0,0,0,0,0,0,0,0,0,0,1,23,55,0
Cancer,33293,4423,0.4181,NA,347,53,0,0,1439,70,0,0,0,80,0,0,0,0,0,279,27,16,0,0,0,0,0,162,72,0,129,19,0,78,0,0,0,0,145,73,107,8,0,0,0,174,0,435,0,0,0,21,0,0,92,0,15,15,0,0,0,0,343,0,0,0,0,0,0,0,0
Cancer,25910,4222,0.03192,NA,94,40,0,0,0,0,0,0,0,19,53,0,0,0,0,0,0,19,0,26,32,0,0,0,31,32,0,0,0,0,0,12,0,0,55,0,44,0,5,0,0,68,0,43,0,22,33,0,0,0,0,0,0,0,0,24,0,1,26,0,0,0,0,10,0,0,0
Cancer,25721,3965,0.02562,NA,118,13,0,0,0,0,32,0,2,0,55,0,0,9,0,60,25,0,0,74,0,1,0,54,1,0,35,0,0,0,0,0,0,0,20,0,90,10,16,0,0,0,0,148,0,0,0,16,24,0,92,0,0,0,2,0,0,0,164,0,0,0,0,0,0,0,0
Cancer,26059,3955,0.03531,NA,155,44,0,0,0,0,0,0,0,32,0,0,1,1,0,157,0,15,0,16,0,0,0,88,24,12,77,0,0,0,0,0,0,0,0,0,1,37,0,0,0,95,9,184,0,0,68,0,0,0,0,0,5,2,0,0,0,1,97,19,0,0,70,0,0,71,13
Cancer,31608,4411,0.02539,NA,303,7,0,0,1062,0,0,0,11,57,0,0,0,0,0,0,6,0,0,0,27,0,0,52,44,0,76,0,0,0,0,0,0,0,180,0,37,91,5,0,0,127,0,103,136,0,0,26,52,0,231,0,0,12,0,0,5,0,231,0,5,0,121,28,1,0,0
Cancer,22440,3797,0.02856,NA,0,0,0,0,0,0,0,0,0,1,0,0,0,0,0,10,0,0,0,0,0,0,0,0,0,0,2,0,0,10,0,0,0,0,0,0,0,0,10,0,0,0,0,0,0,24,0,22,0,2,0,15,4,0,0,0,7,14,0,4,0,0,0,8,0,0,0
Cancer,22945,4007,0.03545,NA,0,0,0,0,0,0,0,0,0,27,0,0,0,0,0,0,0,0,0,0,0,0,0,0,0,0,1,0,5,0,0,0,0,0,0,0,0,0,11,1,0,0,0,48,0,0,0,0,0,0,0,0,0,0,0,0,15,37,0,0,0,0,0,7,0,0,4
Cancer,24430,4402,0.03399,NA,0,22,0,20,0,0,0,0,0,28,17,0,0,0,0,0,0,0,0,0,0,0,0,13,0,13,34,0,0,0,0,0,0,20,2,0,0,55,6,0,0,0,0,54,0,0,0,0,0,0,0,0,4,0,0,33,24,0,0,6,0,0,0,4,0,0,0
Cancer,27658,3881,0.0396,NA,341,64,0,0,0,0,70,0,0,0,43,0,0,0,0,181,0,0,0,138,0,5,0,94,5,0,0,0,0,174,0,0,0,0,258,0,145,0,0,0,0,167,0,357,0,0,0,18,0,0,321,0,0,0,0,0,7,11,372,0,0,0,0,0,0,114,0
Cancer,24101,3371,0.04722,NA,0,0,0,0,0,0,0,0,0,0,0,0,0,0,0,0,21,0,0,8,26,1,0,0,0,0,19,0,0,11,0,3,0,0,25,0,60,0,0,0,0,0,0,2,0,0,0,66,206,0,0,0,0,0,0,0,0,11,89,0,0,0,79,0,0,0,0
Healthy,35690,1010,0,NA,94,0,0,0,639,0,0,0,0,0,15,0,0,0,0,219,0,0,0,86,0,8,0,0,0,0,0,0,0,0,0,10,21,0,134,123,28,0,0,0,0,32,0,238,0,0,0,30,0,0,0,0,4,12,0,3,5,0,195,0,18,0,0,0,0,0,0
Healthy,34276,955,0,NA,0,0,0,0,0,0,0,0,0,0,0,0,0,0,0,22,12,0,0,0,0,0,0,0,0,2,0,0,25,0,0,0,13,0,0,0,0,0,0,0,0,7,0,0,0,37,0,2,0,7,0,0,1,0,0,0,3,0,0,0,0,0,0,0,0,0,0
Healthy,36640,1057,0,NA,63,0,0,0,0,0,0,0,12,27,0,0,0,0,0,0,0,0,0,134,0,5,0,0,0,0,60,0,0,0,27,0,0,0,83,51,137,16,0,0,0,34,0,0,0,0,0,13,81,0,29,0,0,11,8,0,28,25,62,0,0,47,0,0,0,0,0
Healthy,35808,1052,0,NA,123,0,0,0,0,0,0,0,0,63,0,0,0,0,0,0,28,0,0,0,0,0,0,0,0,25,0,64,0,0,0,18,12,0,0,93,0,0,0,57,0,17,0,103,0,0,0,43,0,8,72,0,0,8,18,0,14,14,103,0,0,0,0,0,0,14,0
Healthy,35307,1075,0,NA,0,0,0,0,0,0,0,0,2,0,15,0,0,0,0,0,0,0,0,0,0,0,0,0,0,0,0,0,0,0,0,0,1,0,0,0,61,0,0,0,0,5,0,0,0,0,0,0,0,0,0,0,11,6,0,11,0,0,0,0,0,0,0,0,0,0,0
Healthy,35509,1190,0,NA,26,0,0,0,0,0,0,0,0,0,0,1,0,0,0,0,0,27,0,7,3,0,0,0,0,0,0,0,0,0,0,0,3,0,0,22,3,16,0,47,0,0,0,22,0,0,0,39,0,0,40,0,0,0,12,3,0,0,0,0,0,0,0,0,0,0,0
Healthy,34272,922,0,NA,0,0,0,0,0,0,0,0,3,0,0,0,0,0,0,0,0,0,0,0,0,0,0,0,0,0,2,0,11,0,0,0,0,0,0,0,0,0,0,0,0,0,0,1,0,0,0,0,0,0,0,0,0,0,0,0,0,2,0,0,0,0,0,0,0,0,0
Healthy,36192,1102,0,NA,52,19,0,0,0,75,0,0,0,19,0,11,0,0,0,143,22,0,0,0,8,19,0,0,0,0,80,15,64,4,0,8,0,0,0,34,85,27,0,0,0,206,0,156,0,0,0,0,50,0,0,0,2,2,0,0,0,0,90,0,0,50,16,3,0,83,0
Healthy,34042,915,0,NA,0,0,0,0,0,0,0,0,0,2,0,0,0,0,0,7,0,0,0,0,0,0,0,0,0,0,6,0,0,0,0,0,0,0,0,0,0,0,0,0,0,0,1,33,0,5,0,0,0,0,0,0,0,0,0,0,0,1,0,0,0,0,0,0,0,0,0
Healthy,37742,1362,0,NA,0,0,0,0,0,0,0,0,4,26,0,0,0,0,0,0,0,0,46,0,23,3,0,0,0,91,0,0,6,0,0,0,0,0,0,0,0,28,0,0,0,0,0,228,0,0,0,6,0,6,0,0,1,0,19,0,25,0,37,0,0,13,0,0,4,0,0
Healthy,34559,996,0,NA,0,0,0,0,0,0,0,0,0,0,0,2,7,0,0,0,0,0,0,3,0,0,0,0,1,0,1,0,1,0,0,3,0,7,0,0,0,0,4,0,0,0,0,34,0,0,0,0,0,0,0,3,0,0,0,0,0,0,0,30,0,0,0,0,0,0,1
Healthy,34361,991,0,NA,124,0,0,0,0,0,0,0,0,26,0,0,5,0,0,0,13,0,0,0,32,5,0,42,0,0,35,0,0,0,0,2,0,0,0,0,8,0,8,0,0,0,0,82,0,0,0,11,56,0,67,0,6,0,3,18,0,0,24,0,0,0,0,16,0,0,0
Healthy,35178,903,0,NA,0,0,0,0,0,0,0,0,0,0,0,0,0,0,0,0,0,0,75,85,0,17,0,54,0,0,0,0,1,0,39,11,0,0,29,0,0,34,0,0,0,0,0,24,0,0,6,32,15,0,13,0,0,0,0,0,0,0,90,0,0,0,0,4,0,0,0
Healthy,35272,941,0,NA,0,1,0,0,0,0,0,0,0,0,0,0,0,0,0,0,0,0,6,0,0,5,0,0,0,0,2,0,0,0,0,0,0,0,0,0,0,0,0,0,0,0,0,16,0,0,0,2,0,0,0,0,0,0,0,0,0,0,0,0,0,0,18,0,0,0,0
Cancer,28602,3926,0.03769,NA,244,17,0,0,173,0,0,0,17,19,0,0,0,43,0,152,42,4,0,0,34,17,0,45,0,82,89,0,0,112,0,0,0,0,184,0,295,8,0,0,0,102,0,200,0,0,0,0,0,0,75,0,6,0,0,81,0,21,236,0,0,0,0,34,1,0,0
Cancer,22951,3746,0.04228,NA,15,0,0,0,0,0,0,0,0,0,24,5,1,11,0,1,8,27,0,0,8,0,0,96,0,0,1,0,0,0,0,12,0,0,0,0,0,0,0,0,16,0,0,30,0,11,34,24,0,0,2,0,0,0,0,0,0,0,0,0,0,8,0,7,0,0,33
Cancer,26095,4096,0.03098,NA,77,45,0,0,0,1,60,0,0,84,0,0,0,0,0,0,0,4,0,0,0,3,0,70,29,0,51,0,0,0,0,0,0,0,0,0,3,26,0,0,0,182,13,88,0,0,0,0,0,0,0,0,18,0,0,0,19,0,0,0,0,21,129,24,4,0,0
Cancer,34725,4500,0.02425,NA,502,62,0,0,658,0,0,0,0,2,275,0,0,0,0,261,10,21,0,194,0,0,0,167,48,0,25,0,0,0,0,0,0,0,310,0,321,128,13,0,0,370,0,576,0,0,0,47,0,0,616,0,14,13,0,0,1,20,447,0,0,0,0,24,0,0,0
Cancer,27328,4436,0.02417,NA,137,28,0,0,0,0,0,0,0,31,82,0,16,33,0,0,0,0,0,0,0,11,0,0,0,0,6,0,29,28,0,6,0,121,122,0,75,0,0,17,0,88,0,152,0,0,0,21,36,0,73,0,0,3,0,0,0,0,112,17,0,0,0,0,12,0,0
Cancer,28638,4462,0.03444,NA,156,35,0,0,486,52,0,0,0,90,63,0,5,0,0,0,0,0,0,65,0,0,0,112,96,0,21,0,0,0,0,0,0,0,0,0,60,7,0,0,0,136,0,40,0,17,0,0,0,0,124,0,17,0,0,0,0,9,160,0,27,0,10,4,0,0,0
Cancer,31333,4774,0.04151,NA,299,67,0,0,1098,0,0,0,0,0,72,0,0,24,0,260,26,0,0,0,0,0,0,0,87,0,7,0,0,0,0,0,0,0,0,208,404,0,0,0,0,47,0,324,0,0,0,1,0,0,392,0,3,28,2,47,37,0,227,0,0,22,0,45,0,8,0
Cancer,34682,1322,0.2679,0.2285,0,20,0,0,0,95,95,0,0,0,0,0,0,0,0,53,49,0,0,171,0,10,0,0,0,0,4,0,0,0,0,0,0,0,0,0,79,0,0,0,0,20,0,74,0,0,49,7,18,0,0,0,0,0,0,53,2,35,38,0,0,0,0,3,2,0,0
Cancer,31934,943,0.02579,0.0141,0,17,0,0,0,0,8,0,0,0,0,0,0,0,0,5,0,0,0,0,0,19,0,0,0,3,7,0,15,0,0,8,0,0,0,30,0,0,0,0,0,0,0,0,0,1,0,0,0,0,0,0,0,21,0,0,0,1,0,0,0,0,0,0,0,0,0
Cancer,25172,3640,0.04924,0.0035,155,50,2,0,0,0,62,0,0,0,0,0,0,0,0,162,20,0,0,86,56,0,0,28,36,0,31,0,0,0,0,0,0,0,77,0,308,0,0,0,0,387,0,259,0,0,0,0,0,0,0,0,3,0,0,0,0,23,198,0,0,0,0,0,11,61,0
Cancer,31870,1147,0.01813,0.0017,0,32,0,0,0,0,14,0,5,0,0,0,0,0,0,0,4,0,0,0,0,5,0,0,0,0,10,0,13,0,0,12,0,0,0,0,0,0,0,0,0,0,0,13,0,0,10,0,0,0,0,0,0,0,0,5,11,0,0,0,0,0,0,7,0,0,0
Cancer,26004,3782,0.03623,NA,3,45,0,0,0,0,0,34,0,93,0,0,0,0,0,221,20,0,25,0,32,0,0,19,0,0,0,0,0,0,0,0,0,0,0,24,178,35,0,0,0,0,0,84,0,28,0,55,0,0,0,0,12,0,0,0,0,0,114,0,0,0,0,0,0,28,19
Cancer,32131,3953,0.03074,NA,333,63,0,0,154,0,0,0,0,0,103,0,0,21,0,556,6,0,0,82,4,0,0,204,12,0,98,0,0,0,95,7,0,0,308,56,179,6,37,0,0,221,0,419,0,0,134,0,8,0,12,0,13,0,0,0,0,0,250,0,0,0,0,11,0,0,0
Cancer,23417,3306,0.04028,NA,99,35,0,0,0,0,0,0,0,19,0,0,8,0,0,0,35,0,50,0,54,0,0,26,0,0,12,0,0,0,0,0,1,0,0,64,134,0,0,0,0,217,0,97,0,0,0,0,0,0,0,0,7,5,5,0,0,0,118,12,0,0,0,0,4,44,0
Cancer,32744,1345,0.0279,0.0021,0,47,0,0,0,0,0,0,0,0,20,0,0,0,0,10,0,0,0,0,0,1,0,0,0,2,13,0,0,0,0,0,0,0,0,6,7,0,12,5,0,9,0,0,0,2,0,9,0,0,0,13,0,3,2,0,16,0,0,0,0,0,0,0,0,0,0
Cancer,30659,4187,0.03095,0.0012,236,40,0,0,455,0,0,0,41,49,0,0,0,0,0,0,46,0,0,82,47,0,0,209,73,0,87,29,0,0,0,0,0,0,175,3,311,173,0,0,0,319,0,221,0,0,0,0,0,0,163,0,0,12,0,0,0,0,268,0,0,0,0,0,6,0,6
Cancer,36011,1621,0.02796,0.0027,119,63,0,0,0,466,26,95,0,0,0,0,0,44,0,0,0,0,0,100,0,7,0,0,0,62,38,0,45,0,0,0,0,15,182,0,0,0,0,0,0,26,0,412,0,0,0,16,0,0,589,0,0,0,0,0,0,0,578,0,0,0,0,7,0,0,25
Cancer,28940,4374,0.04952,0.0802,363,135,0,6,489,15,24,0,0,34,15,0,0,0,0,41,15,0,0,0,0,26,0,13,0,0,90,0,9,20,225,0,0,29,308,0,112,0,0,0,0,409,0,353,0,0,26,0,0,0,204,0,0,0,0,8,0,14,223,14,0,0,0,0,0,129,0
Cancer,26014,3811,0.03791,0.0056,270,48,0,0,309,27,97,0,26,61,0,0,0,0,0,295,58,0,0,0,80,15,0,142,23,2,0,0,46,0,0,5,0,0,89,0,236,0,0,99,0,247,0,80,0,0,0,0,7,0,0,0,4,3,0,0,0,0,326,0,0,0,0,5,20,0,91
Cancer,25077,3816,0.02237,0.0011,216,34,0,0,312,0,0,0,26,0,0,0,0,0,0,112,14,0,0,20,30,14,0,90,0,0,0,0,0,0,0,0,0,0,306,0,102,51,0,0,0,93,0,84,0,0,0,25,34,0,284,0,8,10,0,0,0,0,209,0,0,0,0,18,0,80,0
Cancer,22677,3301,0.02651,NA,0,65,0,0,502,0,0,0,0,3,0,0,0,10,0,0,0,0,0,0,0,0,0,0,0,0,15,0,0,0,76,4,0,0,109,0,14,0,0,0,0,46,0,32,0,0,0,0,0,0,17,0,0,2,0,0,0,0,104,0,0,18,0,0,0,0,22
Cancer,34452,1371,0.01843,0.0027,170,77,0,0,0,0,0,56,0,0,0,52,0,9,0,0,9,0,0,112,42,0,0,0,0,0,17,0,0,0,240,12,0,0,61,0,23,17,0,64,0,0,0,99,0,0,0,0,0,0,24,0,0,8,0,0,0,0,224,0,0,0,31,0,0,22,0
Cancer,38822,2000,0.1387,0.0652,413,29,0,0,459,0,0,49,0,0,0,0,0,0,46,0,0,0,0,43,0,3,0,105,20,28,75,219,0,54,0,0,0,0,106,0,92,226,0,0,0,190,0,407,0,0,0,92,0,0,653,0,0,15,102,0,0,10,640,0,0,0,95,5,0,9,0
Cancer,37797,1670,0.03261,0.0036,383,6,0,0,467,61,0,0,0,68,0,0,0,0,0,203,44,0,0,33,0,12,0,17,0,140,34,0,47,0,0,0,10,0,337,168,0,160,0,0,0,23,0,265,0,0,0,102,0,0,59,0,2,26,61,18,0,1,284,0,0,50,105,0,0,40,0
Cancer,35310,1310,0.01819,NA,115,24,0,0,0,75,0,0,0,0,0,0,0,0,0,0,18,20,0,2,0,0,0,47,16,56,41,0,0,0,0,0,0,0,123,24,50,0,0,0,0,29,0,226,0,0,0,0,0,0,179,0,0,1,0,0,0,50,199,0,0,0,0,17,0,0,0
Cancer,33909,4116,0.0141,0.0011,368,79,0,0,685,77,32,166,0,51,0,0,0,0,0,376,0,0,0,0,0,9,0,111,45,0,109,0,0,0,0,0,2,0,0,0,555,127,16,2,0,273,0,264,0,0,0,131,0,0,163,0,5,0,0,31,0,3,440,0,0,0,0,3,0,43,10
Cancer,35576,1356,0.02378,0.0064,145,66,0,0,0,0,0,0,9,0,0,0,0,0,0,0,0,0,0,0,0,12,0,0,0,86,1,30,0,0,56,0,0,6,210,34,0,0,0,25,0,0,0,219,0,0,0,28,0,0,61,0,8,26,0,45,0,0,276,0,0,1,0,0,0,0,0
Cancer,22946,3382,0.01633,0.0019,175,0,0,0,0,0,13,0,0,0,0,0,0,0,0,0,0,49,0,77,0,7,0,84,0,31,1,0,0,0,0,0,3,0,197,0,0,27,10,0,0,0,0,137,0,0,0,44,0,0,135,0,0,7,0,0,0,9,81,0,0,0,0,0,0,0,0
Cancer,27486,3788,0.02471,0.002,386,71,73,0,0,0,0,0,0,143,0,0,0,0,0,161,0,0,0,90,86,13,0,67,0,0,29,0,0,0,0,0,1,0,364,0,93,29,0,0,0,363,0,295,0,0,0,4,193,0,0,0,0,0,50,0,0,2,398,35,0,0,0,29,0,0,0
Cancer,28064,3671,0.03813,0.0022,226,53,0,0,379,0,0,0,0,10,0,0,7,13,0,38,0,32,0,0,35,10,0,69,0,0,90,0,0,0,0,0,0,0,229,0,90,69,0,0,0,197,0,104,0,0,0,60,130,0,168,0,14,17,0,0,0,0,0,0,0,0,103,1,0,0,93
Cancer,24309,3576,0.1368,0.0021,75,5,0,0,0,0,69,0,0,50,0,0,0,0,0,0,0,0,0,98,0,5,0,0,44,0,10,0,0,31,0,0,0,0,8,0,0,15,0,0,0,0,0,75,0,0,0,0,43,0,0,0,1,12,0,0,0,0,31,0,0,0,117,0,0,0,0
Cancer,23617,3347,0.02117,NA,54,10,0,0,0,0,0,0,0,24,7,0,0,0,0,0,16,0,0,60,0,5,0,0,7,0,1,0,0,13,0,0,0,0,125,0,0,0,0,0,0,97,0,4,0,0,0,0,37,0,0,0,0,0,0,21,0,0,182,0,0,77,0,0,27,0,0
Cancer,27644,4060,0.06021,0.0013,365,37,0,0,11,0,0,0,39,43,0,62,17,0,0,545,5,0,0,42,21,17,0,188,0,0,37,0,16,0,129,0,0,0,336,0,0,29,0,0,0,88,0,316,0,0,0,5,48,0,16,0,11,8,0,9,28,0,241,0,0,35,71,9,28,136,0
Cancer,29002,4342,0.04748,NA,332,39,0,0,343,0,99,0,0,0,0,0,0,0,0,290,0,0,0,13,54,0,0,221,5,0,76,0,0,0,0,22,0,19,99,0,313,0,0,0,0,436,0,321,0,0,0,0,160,0,0,0,9,0,0,0,0,23,405,0,0,0,0,10,35,0,0
Cancer,25472,3591,0.04644,NA,137,116,0,0,548,30,0,0,0,0,0,0,0,35,0,89,0,0,0,35,0,2,0,0,0,0,11,0,0,0,0,0,0,0,198,84,74,42,0,0,0,274,0,53,0,0,0,0,43,0,0,0,0,0,0,0,0,1,311,0,0,0,0,0,0,77,0
Cancer,22425,2901,0.07226,0.0087,0,27,0,0,0,0,0,0,10,0,0,0,0,0,0,0,0,0,0,0,0,0,0,0,0,5,0,0,0,0,0,0,3,0,20,0,0,16,14,0,0,16,0,52,0,0,0,15,18,0,0,0,0,0,0,0,0,0,0,0,0,0,0,0,0,0,0
Cancer,25210,3493,0.04236,NA,140,66,0,0,124,0,0,0,0,46,0,0,0,9,0,0,0,0,0,0,0,0,0,23,0,16,51,0,0,0,0,12,9,0,104,9,36,0,0,0,0,0,0,163,0,0,0,0,150,0,53,0,7,0,0,0,0,0,153,0,0,0,0,5,1,29,0
Cancer,26530,3471,0.03443,0.0035,169,19,0,0,113,0,0,0,8,0,0,0,0,0,0,5,17,0,0,52,0,0,0,48,0,68,28,0,0,0,0,6,0,0,123,0,134,45,0,0,0,153,0,134,0,0,0,0,63,0,165,0,2,0,0,0,0,0,53,0,0,92,0,0,9,40,0
Cancer,25767,3677,0.08139,0.0354,231,45,0,0,0,0,0,0,0,0,0,0,0,8,0,0,0,0,0,258,108,0,0,103,0,29,0,0,0,139,58,0,0,0,253,0,130,0,0,0,0,238,0,247,0,0,0,0,137,0,53,0,0,8,0,0,0,0,242,0,0,37,0,0,0,57,0
Cancer,23964,3041,0.02595,0.0112,34,0,0,0,0,0,19,0,0,39,0,0,0,0,0,0,0,0,0,0,0,2,0,131,0,0,13,0,0,0,0,1,0,0,0,26,19,31,0,0,0,74,0,52,0,0,0,0,15,0,0,0,8,0,0,0,0,0,0,0,0,2,10,0,0,0,0
Cancer,27184,3893,0.04171,0.0021,177,77,0,0,32,278,0,0,0,79,7,0,0,12,0,102,1,10,0,101,28,16,0,180,9,0,66,0,0,0,74,0,0,0,241,0,190,63,0,0,0,411,0,469,0,0,0,0,0,0,260,0,6,24,0,0,0,0,261,0,0,0,0,0,7,0,0
Cancer,28058,3810,0.0198,0.002,296,76,0,0,792,0,0,0,7,18,0,0,0,15,0,112,32,0,0,0,42,0,0,127,0,0,4,0,0,0,0,19,0,0,0,0,75,0,0,0,0,41,0,83,0,0,0,0,125,0,11,0,1,0,0,0,0,35,149,0,0,15,0,0,5,3,33
Cancer,24786,3570,0.02368,7.00E-04,10,50,0,0,330,36,0,0,23,71,0,0,0,2,0,116,32,0,0,0,18,9,0,0,33,19,0,0,0,0,0,0,42,0,96,0,38,30,0,0,0,0,0,10,0,10,0,0,0,0,0,0,9,6,0,0,0,0,87,0,0,36,0,0,0,0,0
Cancer,21697,2869,0.04387,0.1436,0,25,0,0,0,0,0,0,0,0,0,20,0,5,0,0,0,0,0,0,2,0,0,0,0,0,14,0,0,0,0,0,0,0,7,0,0,0,0,0,0,0,0,31,0,0,0,0,3,0,0,0,2,6,0,0,0,0,0,1,0,0,21,0,0,0,0
Cancer,28426,3826,0.03168,0.0049,242,50,0,0,0,0,0,0,0,73,0,0,0,2,0,0,14,0,0,59,0,0,0,39,53,68,0,0,0,0,0,21,0,0,246,23,28,36,0,0,0,125,0,127,0,0,36,10,0,0,196,0,13,0,0,0,0,0,329,0,0,0,94,1,10,0,51
Cancer,23357,3400,0.05289,0.051,0,40,0,0,198,0,0,0,0,0,0,0,21,0,0,0,2,0,0,44,111,0,0,0,0,8,0,0,0,0,0,0,15,0,88,0,12,0,0,0,0,0,0,0,0,0,0,0,152,0,0,0,0,0,0,0,0,0,92,0,0,67,0,0,0,6,0
Cancer,24331,3356,0.04806,NA,46,65,0,0,0,0,3,0,0,38,0,0,0,18,0,247,48,11,0,14,0,13,0,0,12,0,0,0,0,0,0,0,0,0,114,0,63,0,0,0,0,0,0,51,0,0,0,0,31,0,0,0,1,0,3,0,0,0,50,0,0,0,0,5,0,23,0
Cancer,25020,3446,0.131,NA,129,33,0,0,0,0,0,0,0,113,41,22,0,0,0,0,1,0,29,0,0,8,0,0,0,0,0,0,0,0,0,0,43,0,165,0,102,88,0,0,0,94,0,128,0,0,0,41,0,0,0,0,0,26,0,0,0,0,184,0,0,0,0,0,0,0,0
Cancer,22450,3236,0.03291,NA,57,68,0,0,0,0,0,0,0,0,0,10,0,0,0,0,0,0,0,0,92,0,0,0,0,75,0,0,0,0,0,0,0,0,104,0,88,12,0,0,0,7,0,101,0,0,0,6,52,0,0,0,0,0,0,0,0,0,8,0,0,82,0,12,0,0,0
Cancer,22907,3189,0.06142,0.0322,0,40,0,0,29,0,0,0,0,0,0,14,0,14,0,0,21,0,0,0,0,0,0,0,0,0,0,0,0,0,0,2,0,0,35,0,25,36,0,0,0,63,0,0,0,0,0,23,64,0,24,0,0,0,0,11,0,2,3,0,0,0,0,15,0,0,0
Cancer,22190,3156,0.05103,NA,0,0,0,0,0,0,0,0,9,0,0,0,0,0,0,0,26,0,0,0,24,0,0,0,0,25,0,0,0,0,0,11,36,0,0,0,94,0,5,0,0,17,0,60,0,0,0,0,0,0,0,0,0,0,0,0,0,0,76,0,0,0,0,25,2,0,0
Cancer,29320,4170,0.03327,NA,303,33,0,0,460,0,0,0,0,0,0,0,0,34,0,523,0,0,0,0,6,0,0,49,0,0,9,0,0,126,0,0,15,0,390,0,242,12,0,0,0,0,0,547,0,0,0,0,18,0,275,0,20,0,0,0,0,18,560,21,0,0,0,11,18,35,0
Cancer,24297,3367,0.05229,NA,56,58,0,0,0,0,0,0,0,0,0,0,0,0,0,12,18,0,62,32,0,16,0,0,0,84,8,0,0,37,131,0,0,0,0,48,114,0,0,33,0,0,0,75,0,0,0,28,0,0,0,0,0,0,0,0,9,0,92,9,0,0,0,0,0,0,0
Cancer,27694,3859,0.03619,0.0011,201,71,0,0,286,27,0,0,0,101,0,0,0,0,0,121,24,0,0,0,0,3,0,43,0,16,1,0,0,0,0,8,4,0,308,22,100,39,0,0,0,133,0,231,0,0,0,0,67,0,87,0,14,0,0,0,0,0,269,0,0,0,0,0,11,0,0
Cancer,24892,3183,0.02824,NA,59,60,0,0,272,0,0,0,5,22,19,0,0,29,0,0,4,0,0,0,14,2,0,124,0,0,6,0,0,0,0,0,2,0,44,0,0,0,27,0,0,0,0,10,0,0,0,25,0,0,36,0,6,0,0,0,0,0,105,0,0,0,0,0,0,0,0
Cancer,29091,4282,0.3015,NA,364,80,0,0,719,0,0,0,0,0,0,0,0,53,0,303,11,0,0,9,0,14,0,145,97,0,58,0,0,0,0,0,0,0,174,0,451,0,0,0,0,440,0,393,0,0,31,44,3,0,235,0,16,0,0,0,0,28,506,0,0,0,0,8,0,38,0
Cancer,26475,3624,0.04843,0.0053,132,64,0,0,0,0,0,0,18,0,0,8,0,0,0,0,0,0,0,10,0,0,0,16,0,0,0,0,0,67,0,17,9,0,224,0,19,96,0,0,0,34,0,155,0,0,0,3,107,0,93,0,0,0,0,0,0,5,0,0,0,0,0,1,0,20,10
Cancer,24281,3620,0.02425,NA,45,0,0,0,0,7,64,0,0,87,3,0,0,0,0,74,27,0,9,74,18,1,0,88,0,0,3,0,0,0,0,10,4,0,10,64,0,0,1,13,0,0,0,12,0,0,0,0,0,0,0,0,14,0,0,0,0,0,25,33,0,0,0,0,12,0,0
Cancer,24986,3566,0.03194,0.0032,0,23,0,0,0,83,26,0,0,61,0,16,0,0,0,112,0,0,0,0,0,0,0,0,0,61,26,0,0,86,0,0,0,0,135,0,88,0,0,0,0,18,0,149,0,0,0,5,97,0,0,0,4,0,0,0,0,0,22,0,0,28,0,0,12,0,30
Cancer,17787,2950,0.05262,0.0018,0,0,0,0,0,0,0,0,0,0,0,0,0,0,0,0,0,0,0,0,0,0,0,0,0,0,0,0,0,0,0,0,0,0,0,0,0,0,0,0,0,0,0,0,0,0,0,0,0,0,0,0,3,0,0,0,0,0,0,0,0,0,0,0,0,0,0
Cancer,19659,3698,0.05003,NA,0,25,0,0,0,0,0,0,0,0,0,0,0,0,0,0,0,0,0,0,0,0,0,0,0,0,2,0,0,0,0,0,0,0,0,0,0,0,0,0,0,0,0,0,0,0,0,7,0,0,0,0,0,0,0,0,0,0,0,0,0,0,0,7,0,0,0
Cancer,28814,3696,0.041,0.0068,306,50,0,0,0,0,0,0,0,7,0,0,0,1,0,346,5,0,0,90,0,0,0,104,0,0,32,0,0,61,0,0,0,0,379,0,14,71,0,0,0,57,0,201,0,0,0,0,57,0,149,0,9,0,0,0,0,1,238,0,0,0,145,5,29,40,0
Cancer,25618,3375,0.04043,NA,41,34,0,0,13,124,0,0,0,0,0,0,0,8,0,43,0,4,0,0,25,0,0,0,0,0,11,0,0,0,63,0,0,0,77,46,147,65,29,26,0,192,0,111,0,0,0,0,0,0,88,0,0,10,28,0,0,0,81,0,0,70,0,2,5,0,0
Cancer,23872,3522,0.04099,NA,150,42,25,0,0,0,38,0,6,0,0,68,0,44,0,129,0,0,0,12,29,0,0,6,40,0,27,43,0,0,0,10,12,0,69,0,71,35,15,0,0,202,0,148,0,0,0,29,0,0,161,0,0,0,0,0,10,0,136,0,0,0,0,0,0,14,0
Cancer,27959,4101,0.02815,0.0044,285,68,0,0,1009,0,0,0,22,0,24,0,0,39,0,294,0,0,0,0,27,4,0,45,27,3,8,0,0,0,0,0,0,0,342,0,192,6,0,0,0,157,0,298,0,0,0,19,22,0,281,0,14,0,0,2,0,0,308,0,0,0,0,0,13,64,0
Cancer,23111,3307,0.02954,NA,44,97,0,0,0,50,0,0,0,32,0,0,0,0,0,0,12,0,0,7,52,8,0,33,0,7,0,0,0,0,105,0,0,0,19,0,55,0,0,0,0,0,0,167,0,0,0,11,25,0,2,0,0,6,30,0,0,0,226,0,0,0,33,0,0,28,0
Cancer,29987,3846,0.05023,NA,297,58,0,0,881,0,0,0,0,59,0,0,1,0,0,219,0,0,0,0,0,4,0,129,0,0,50,0,0,50,0,0,0,0,211,3,202,23,1,0,0,188,0,125,0,0,0,30,209,0,0,0,9,0,0,0,0,48,225,0,0,0,0,0,9,0,0
Cancer,27545,4043,0.03551,NA,137,0,0,0,642,122,44,37,0,0,0,0,0,47,0,0,12,0,0,0,36,0,0,17,0,0,16,0,0,0,103,0,0,0,299,0,58,92,0,0,0,432,0,152,0,0,0,0,102,0,176,0,2,0,6,33,0,0,250,0,0,37,0,0,0,30,0
Cancer,23360,3503,0.04081,0.0036,29,18,0,0,190,84,0,0,0,57,0,0,0,0,0,68,0,0,0,0,0,3,0,15,0,0,0,0,5,0,0,0,0,0,176,38,0,40,0,0,0,68,0,60,0,0,0,41,68,0,38,0,8,6,0,0,0,0,74,0,0,22,0,6,0,0,0
Cancer,28433,4210,0.0301,0.001,368,36,73,0,48,0,146,0,0,19,0,0,0,36,0,217,0,32,0,27,0,0,0,21,31,0,47,0,0,0,0,24,0,0,319,125,259,0,0,0,0,549,0,400,0,0,0,38,18,0,205,0,12,3,0,0,0,0,540,0,0,0,0,0,0,129,0
Cancer,24544,3542,0.03302,0.0027,176,60,0,0,257,116,70,0,0,0,0,0,0,0,0,310,6,0,0,0,0,11,0,0,0,0,17,0,0,0,0,0,0,0,281,49,189,0,0,0,0,157,0,267,0,0,0,29,0,0,141,0,5,17,0,0,0,0,197,0,0,0,0,0,0,108,0
Cancer,21342,3428,0.03505,0.0012,0,0,0,0,0,0,8,0,1,0,1,0,0,0,0,0,0,0,0,0,0,0,0,0,0,0,4,0,0,0,0,0,0,0,0,0,0,0,0,0,0,0,0,62,0,0,0,0,0,0,0,0,0,0,2,0,0,0,0,18,0,0,0,0,6,0,0
Cancer,26700,3758,0.02256,0.0012,146,60,0,0,95,0,29,0,0,28,0,0,0,0,0,42,13,0,0,44,5,0,0,6,0,10,50,0,0,0,0,7,0,0,199,0,0,0,0,0,0,67,0,172,0,0,0,0,114,0,9,0,0,0,0,0,0,0,48,0,0,0,49,0,0,0,0
Cancer,22560,3541,0.03165,0.0028,0,16,0,0,0,0,0,0,0,0,0,0,0,0,0,0,0,0,0,0,0,0,3,0,0,0,0,0,0,0,0,9,4,2,0,0,0,18,0,0,0,0,0,13,0,0,0,0,0,0,2,0,0,0,0,0,0,0,0,15,0,0,0,0,0,0,0
Cancer,23122,3576,0.0495,0.0045,52,53,0,0,0,0,0,0,0,0,0,0,0,0,0,0,0,0,0,47,43,0,0,0,0,0,0,53,0,0,0,2,11,0,0,0,0,46,0,0,0,27,0,44,0,0,0,0,0,0,0,0,3,16,0,0,0,0,0,0,0,0,0,4,0,24,0
Cancer,19799,3210,0.05056,0.0038,0,0,0,0,0,0,0,0,1,0,10,0,0,0,0,0,0,0,1,0,1,1,0,0,0,0,0,0,0,0,0,0,0,0,0,0,0,0,14,0,0,0,0,0,0,0,20,0,0,0,0,0,5,0,0,0,0,0,0,0,0,0,0,0,1,0,0
Cancer,28373,3705,0.03353,NA,154,43,0,0,221,0,22,0,12,0,0,0,0,0,0,225,14,4,0,22,35,12,0,98,15,0,40,0,0,0,0,0,0,0,137,0,0,89,0,0,0,114,0,114,0,0,0,0,0,0,0,0,4,9,0,0,0,0,149,0,0,0,0,0,7,0,0
Cancer,28070,3887,0.03172,0.002,65,106,0,0,341,57,0,0,0,43,0,0,0,0,0,0,0,0,0,0,26,7,0,140,0,0,30,0,0,17,0,17,0,0,8,0,2,101,1,0,0,0,0,205,0,0,0,0,104,0,37,0,8,4,0,23,0,0,93,11,0,0,105,5,0,0,0
Cancer,28910,4156,0.04668,NA,388,49,0,0,327,0,0,0,0,18,121,0,0,55,0,356,5,0,0,22,0,25,0,80,0,1,36,0,0,0,0,0,0,0,471,0,315,92,0,0,0,266,0,374,0,0,1,39,44,0,149,0,0,0,0,0,0,29,261,0,0,0,0,2,0,115,0
Cancer,25810,3612,0.02978,NA,134,70,0,0,194,165,20,0,0,0,0,0,0,45,0,121,0,27,0,2,0,15,0,85,0,0,11,0,0,19,169,17,0,0,26,26,105,0,0,0,0,210,0,253,0,0,63,29,0,0,19,0,18,1,0,0,0,15,266,0,0,0,0,2,0,0,0
Cancer,22870,3602,0.03492,NA,0,59,0,0,0,0,0,0,0,0,0,0,0,0,0,0,0,0,0,0,0,11,0,5,0,0,5,0,0,0,0,0,0,0,0,0,0,0,0,0,0,0,0,35,0,0,38,0,0,0,0,12,2,0,0,1,0,9,0,0,0,0,20,0,1,0,20
Cancer,22001,3053,0.03667,0.0025,48,18,0,0,0,27,76,0,0,12,0,0,0,0,0,102,3,0,0,75,39,8,0,87,0,0,8,0,0,0,0,0,0,0,0,0,83,0,0,0,0,57,0,34,0,0,0,43,71,0,63,0,7,0,0,0,0,2,41,1,0,29,0,1,0,82,0
Cancer,23051,3268,0.04101,NA,50,0,0,0,0,0,66,41,0,27,0,16,0,0,0,152,0,0,109,0,5,7,0,70,0,0,10,0,0,0,0,4,0,0,0,0,97,0,2,0,0,0,0,160,0,0,0,42,0,0,0,0,11,22,0,0,0,0,120,0,0,0,2,0,0,0,26
Cancer,26764,3510,0.03497,0.0013,147,113,0,0,379,85,0,0,3,99,0,0,0,0,0,106,9,0,0,0,0,1,0,0,0,0,39,10,0,25,0,0,0,0,40,0,55,49,0,0,0,58,0,210,0,0,0,19,69,0,0,0,7,0,35,15,0,0,71,0,0,41,0,0,7,0,0
Cancer,22907,3728,0.0378,0.0139,1,5,0,0,0,0,2,0,18,0,0,0,0,0,0,0,0,5,0,0,0,0,0,19,9,0,0,0,0,0,0,0,0,0,0,0,0,80,0,0,0,0,0,32,0,0,0,0,0,0,0,0,0,0,0,0,0,0,0,8,0,0,0,0,0,0,0
Cancer,22317,3098,0.04004,NA,0,48,0,0,0,0,0,0,0,0,0,0,0,0,0,0,5,6,0,0,18,0,0,0,15,0,0,0,24,0,0,0,14,0,0,0,32,0,0,0,0,0,0,37,0,0,0,11,40,0,1,0,0,0,0,0,0,0,0,0,0,0,0,0,0,0,0
Cancer,20870,2834,0.02606,NA,0,29,0,0,0,0,0,0,0,0,0,0,0,0,0,0,0,3,0,0,1,0,0,0,3,18,7,0,0,0,0,0,9,0,0,0,0,0,2,0,0,0,0,27,0,0,0,12,0,0,0,0,0,5,0,0,11,0,0,0,1,0,0,0,0,0,0
Cancer,33068,3631,0.04864,NA,457,32,1,0,0,0,0,0,0,0,30,0,0,0,0,613,0,0,0,138,0,29,0,157,0,63,34,0,0,96,0,0,4,0,321,70,367,29,0,0,0,274,0,476,132,0,0,165,187,0,238,0,0,0,0,0,0,49,604,0,0,0,0,37,0,97,0
Cancer,32283,4516,0.2044,NA,443,80,0,0,430,0,0,0,0,0,0,0,0,53,0,35,41,0,0,1,12,9,0,104,0,142,0,0,0,169,0,0,0,0,299,0,391,0,0,0,0,441,0,446,0,0,0,89,212,0,366,0,8,0,0,0,0,39,593,0,0,0,0,0,0,0,0
Cancer,26313,3514,0.03051,0.0032,129,16,0,0,0,0,0,0,0,0,0,0,0,0,0,0,30,0,0,72,22,0,0,0,5,23,57,92,0,0,0,0,0,0,53,0,21,0,0,0,0,289,0,0,0,0,113,28,0,0,41,0,0,27,2,0,0,6,0,0,0,0,57,0,15,23,0
Cancer,25303,3535,0.0477,0.0133,135,60,0,0,363,0,0,0,0,38,0,35,0,0,0,230,16,0,0,0,62,0,0,57,0,2,0,0,0,0,0,0,0,0,43,0,73,0,0,0,0,0,0,147,0,0,0,0,0,0,8,0,12,0,0,0,4,16,84,0,6,0,0,0,0,0,0
Cancer,27823,4102,0.1361,NA,182,76,0,0,0,0,45,0,9,0,31,0,0,7,0,354,36,0,0,0,10,14,0,4,42,0,0,0,5,125,0,0,0,0,277,0,293,0,0,0,0,241,0,218,0,0,0,0,47,0,9,0,0,0,0,0,0,0,269,0,0,0,0,28,0,0,0
Cancer,24985,4301,0.645,0.4303,29,67,0,0,0,27,0,0,0,16,0,0,0,34,0,206,0,0,0,0,5,20,0,0,25,72,0,0,0,0,0,0,0,16,149,0,0,0,0,0,0,76,0,244,0,0,0,0,75,0,82,0,0,8,0,12,34,0,161,0,0,0,56,39,0,0,0
Cancer,31175,5288,0.2387,0.8161,253,45,0,42,324,0,8,0,0,105,162,0,0,0,0,0,35,0,0,15,0,0,0,130,83,0,59,0,0,66,0,30,0,0,201,0,146,0,0,0,12,222,0,75,0,0,18,36,0,0,389,0,0,0,38,0,25,0,269,0,0,147,7,18,0,0,0
Cancer,28751,5016,0.2238,0.36,34,145,0,0,49,128,0,0,0,0,41,0,0,0,0,24,8,0,0,93,0,0,59,94,0,0,0,0,0,0,0,15,0,0,24,0,133,0,0,0,0,313,0,317,0,0,0,31,100,0,311,0,0,7,0,0,50,0,184,0,0,0,0,16,0,22,17
Cancer,28764,4354,0.02825,NA,194,0,78,0,541,0,139,0,0,85,0,0,0,0,0,49,0,0,0,119,58,2,30,20,9,0,0,0,0,123,0,0,0,0,98,0,49,70,0,0,0,16,0,127,0,0,0,0,0,5,0,0,0,0,0,0,5,0,114,0,0,0,48,11,3,66,0
Cancer,28738,4673,0.3711,0.3072,228,33,0,0,976,0,0,0,0,0,0,0,0,0,0,134,8,0,0,0,8,1,0,78,0,0,35,0,0,6,0,8,0,0,142,76,371,17,0,0,0,277,0,116,0,0,0,40,144,0,288,0,7,0,0,0,10,50,256,0,0,13,10,29,0,0,0
